,Unnamed: 0,Date_0,0,1,2,3,4,5,6,7,8,9,10,11,12,13,14,15,16,17,18,19,20,Unnamed: 0,21,22,23,24,25,26,27,28,29,30,31,32,33,34,35,36,37,38,39,40,41,42,43,44,45,46,47,48,49,50,51,52,53,54,55,56,57,58,59,60,61,62,63,64,65,66,67,68,69,70,71,72,73,74,75,76,77,78,79,80,81,82,83,84,85,86,87,88,89,90,91,92,93,94,95,96,97,98,99,100
0,0,2022-01-03,0.98861134,0.9967124,1.0006255,0.9862706,0.9880285,0.98384535,0.9862094,0.9890338,0.98155737,0.98715335,0.98447543,0.9879766,0.9889657,1.0032526,0.9879594,0.9939867,0.9939544,0.9779351,0.98756367,0.98671263,0.9842154,0,0.9959739,0.99284494,0.99723417,0.9883079,0.987919,0.98926437,0.9881757,0.98433346,0.98475355,0.9947879,0.98847127,0.9847075,0.9851922,0.98798704,0.98738486,0.9848757,0.98910064,0.98513675,0.9860361,0.988781,0.98151183,0.9843625,0.9844845,0.98862684,0.99163616,0.98417634,0.98917073,0.97408885,0.9883374,0.9815329,0.9863958,0.9848791,0.98599744,0.99706364,0.98492235,0.98467875,0.9848354,0.98125756,0.9843611,0.9885649,0.9852939,0.9853957,0.98509014,0.9740363,0.9862081,0.9884009,0.9864917,0.98593974,0.9887157,0.98762655,0.99172246,0.9849832,0.9873481,0.9887076,0.99188775,0.99071664,0.984389,0.98874235,0.9814939,0.9917603,0.98506105,0.9848079,0.98152596,0.9881535,0.9907515,0.9904647,0.9886525,0.9872694,0.9978027,0.9847514,0.987411,0.98621756,0.9863242,0.9903705,0.9882681,0.9908194,0.9888313,0.9883043,1.0032749,0.9855037
1,1,2022-01-05,0.9908041,0.9886418,0.98862755,0.9862706,0.9880285,0.98430514,0.9862094,0.9890338,0.9813177,0.98715335,0.997426,0.9879766,0.9889657,0.9659515,0.99053526,1.0005172,1.0005898,0.97926867,0.98756367,0.98671263,0.9842154,1,0.9970851,0.98781383,0.9937142,0.9959664,0.99299365,0.98926437,0.9881757,0.98433346,0.99769944,0.994914,0.98847127,0.984707,0.9851917,0.98798704,0.98738486,0.98528683,0.98910064,0.985136,0.9860361,0.9889085,0.9812891,0.9843625,0.9844838,0.99067736,0.98386985,0.98417634,0.98917073,1.0003824,0.98834,0.9813209,0.9863958,0.9922071,0.98599744,0.98898816,0.98492235,0.9846785,0.9977412,0.98154974,0.9843611,0.9885649,0.9827719,0.9830366,0.9979452,0.9717791,0.9862081,0.9884009,0.9968121,0.98593974,0.9887157,0.98762655,0.9932539,0.99786276,0.9873481,0.9887076,0.98799014,0.9913429,0.984389,0.9888707,0.98126924,0.9932943,0.98545945,0.9848079,0.9812798,0.9881535,0.98759377,0.9882946,0.99050134,0.9872694,0.99429905,0.9976742,0.987411,0.98621756,0.9863242,0.98829406,0.99600357,0.9906385,0.9889579,0.9884977,0.9657562,0.9855037
2,2,2022-01-08,0.98873943,0.9886418,0.98844844,0.9862706,0.9880285,0.98430365,0.9862094,0.9890338,0.97960156,0.98715335,0.98447543,0.9879766,0.9889657,1.003118,0.9882871,0.9906373,0.9906063,0.97498196,0.98756367,0.98671263,0.9842154,2,0.99535066,0.98781383,0.99204594,0.9883079,0.98797625,0.98926437,0.9881757,0.98433346,0.98475355,0.9947934,0.98847127,0.9847075,0.9851922,0.98798704,0.98738486,0.9838359,0.98910064,0.98513675,0.9860361,0.9889349,0.9795532,0.9843625,0.9844845,0.98875546,0.99219304,0.98417634,0.98917073,0.971822,0.98845416,0.9795733,0.9863958,0.98528916,0.98599744,0.98898816,0.98492235,0.98467875,0.9848354,0.9794845,0.9843611,0.9885649,0.9852972,0.98537964,0.98509014,0.9910268,0.9862081,0.9884009,0.9864917,0.98593974,0.9887157,0.98762655,0.9931298,0.9849832,0.9873481,0.9887076,0.9918911,0.9911077,0.984389,0.9888936,0.9795492,0.9931585,0.98395246,0.9848079,0.97958297,0.9881535,0.99058217,0.9910819,0.98859906,0.9872694,0.9926111,0.9847514,0.987411,0.98621756,0.9863242,0.99103826,0.9882681,0.9906251,0.9889866,0.9885666,1.0031528,0.9855037
3,3,2022-01-10,0.9902875,0.9886418,0.98840165,0.9862706,0.9880285,0.9835181,0.9862094,0.9890338,0.977359,0.98715335,0.98447543,0.9879766,0.9889657,0.9949308,0.9909227,0.9885436,0.98867416,0.9756997,0.98756367,0.98671263,0.9842154,3,0.9935897,0.98781383,0.990127,0.9959395,0.99285126,0.98926437,0.9881757,0.98433346,0.98475355,0.9947795,0.98847127,0.9847075,0.9851922,0.98798704,0.98738486,0.9846238,0.98910064,0.98513675,0.9860361,0.9888596,0.9773445,0.9843625,0.9844845,0.99018055,0.9843303,0.98417634,0.98917073,0.9920723,1.0009962,0.97733796,0.9863958,0.99243945,0.98599744,0.98898816,0.98492235,0.98467875,0.9848354,0.97793883,0.9843611,0.9885649,0.9852972,0.98537964,0.98509014,0.9726887,0.9862081,0.9884009,0.99665177,0.98593974,0.9887157,0.98762655,0.9927228,0.9849832,0.9873481,0.9887076,0.9878507,0.9915977,0.984389,0.9888075,0.9773647,0.9927481,0.98481166,0.9848079,0.9773719,0.9881535,0.9878297,0.98848796,0.98890424,0.9872694,0.9906745,0.9847514,0.987411,0.98621756,0.9863242,0.98848766,0.99597234,0.99080527,0.9889654,0.9885621,0.9949236,0.9855037
4,4,2022-01-13,0.9887683,0.9886418,0.9883281,0.9862706,0.9880285,0.9829939,0.9862094,0.9890338,0.9776587,0.98715335,0.98447543,0.9879766,0.9889657,1.003098,1.0006082,0.9939138,0.9938853,0.97473234,0.98756367,0.98671263,0.9842154,4,0.9970242,0.98781383,0.99116373,0.9883079,0.9880843,0.98926437,0.9881757,0.98433346,0.98475355,0.9944954,0.98847127,0.9847075,0.9851922,0.98798704,0.98738486,0.98480564,0.98910064,0.98513675,0.9860361,0.9887259,0.97764105,0.9843625,0.9844845,0.9887553,0.9908237,0.98417634,0.98917073,0.9909245,0.98827374,0.9776365,0.9863958,0.9837241,0.98599744,0.98898816,0.98492235,0.98467875,0.9848354,0.9794166,0.9843611,0.9885649,0.9852972,0.98537964,0.98509014,0.9726791,0.9862081,0.9884009,0.9864917,0.98593974,0.9887157,0.98762655,0.9936559,0.9849832,0.9873481,0.9887076,0.99240094,0.991009,0.984389,0.9886838,0.9776551,0.99368036,0.9849869,0.9848079,0.97766614,0.9881535,0.99056333,0.991258,0.9884486,0.9872694,0.9917201,0.9847514,0.987411,0.98621756,0.9863242,0.9911766,0.9882681,0.99311817,0.9887979,0.9886445,1.0031333,0.9855037
5,5,2022-01-15,0.9903693,0.9886418,1.0006464,0.9862706,0.9880285,0.98351854,0.9862094,0.9890338,0.97627693,0.98715335,0.98447543,0.9879766,0.9889657,0.995757,0.9931198,0.988409,0.9884423,0.96788895,0.98756367,0.98671263,0.9842154,5,0.99192244,0.98781383,0.99076575,0.9959185,0.9920051,0.98926437,0.9881757,0.98433346,0.98475355,0.994102,0.98847127,0.9847075,0.9851922,0.98798704,0.98738486,0.984802,0.98910064,0.98513675,0.9860361,0.9889536,0.97627646,0.9843625,0.9844845,0.99023426,0.9843275,0.98417634,0.9929438,0.9964722,0.9885199,0.9762653,0.9863958,0.9916041,0.98599744,0.98898816,0.98492235,0.98467875,0.9848354,0.974625,0.9843611,0.9885649,0.9852972,0.98537964,0.98509014,0.9730493,0.9862081,0.9884009,0.9976424,0.98593974,0.9887157,0.98762655,0.99338865,0.9849832,0.9873481,0.9887076,0.9880096,0.9912981,0.984389,0.9889088,0.97628707,0.9933331,0.9849887,0.9848079,0.9762914,0.9881535,0.9875372,0.9885554,0.9882639,0.9872694,0.99131745,0.9847514,0.987411,0.98621756,0.9863242,0.9885555,0.9959535,0.9920829,0.9890264,0.988541,0.99574536,0.9855037
6,6,2022-01-18,0.9887014,0.9886418,0.98832893,0.9862706,0.9880285,0.9841248,0.9862094,0.9890338,0.976735,0.98715335,0.98447543,0.9879766,0.9889657,1.0003736,0.9881464,0.99180865,0.9917916,0.97568667,0.98756367,0.98671263,0.9842154,6,0.9955067,0.98781383,0.9928055,0.9883079,0.987823,0.98926437,0.9881757,0.98433346,0.98475355,0.9946762,0.98847127,0.9847075,0.9851922,0.98798704,0.98738486,0.98377043,0.98910064,0.98513675,0.9860361,0.98897076,0.97671586,0.9843625,0.9844845,0.9886612,0.99204034,0.98417634,0.98917073,0.972647,0.98847765,0.97669435,0.9863958,0.9846167,0.98599744,0.98898816,0.98492235,0.98467875,0.9848354,0.9778664,0.9843611,0.9885649,0.9852972,0.98537964,0.98509014,0.9836982,0.9862081,0.9884009,0.9864917,0.98593974,0.9887157,0.98762655,0.9930601,0.9849832,0.9873481,0.9887076,0.99315643,0.9916357,0.984389,0.98893213,0.9767402,0.9930726,0.98388416,0.9848079,0.97675997,0.9881535,0.99092084,0.99028665,0.9883329,0.9872694,0.9933856,0.9847514,0.987411,0.98621756,0.9863242,0.9902358,0.9882681,0.99186337,0.9890215,0.9885132,1.0004475,0.9855037
7,7,2022-01-20,0.99075454,0.9886418,0.9885072,0.9862706,0.9880285,0.98422533,0.9862094,0.9890338,0.9762408,0.98715335,0.98447543,0.9879766,0.9889657,0.99474066,0.99169713,0.98840547,0.98840106,0.9716345,0.98756367,0.98671263,0.9842154,7,0.9900108,0.98781383,0.9933379,0.9957613,0.99356604,0.98926437,0.9881757,0.98433346,0.98475355,0.99496096,0.98847127,0.9847075,0.9851922,0.98798704,0.98738486,0.98417616,0.98910064,0.98513675,0.9860361,0.98892903,0.97624856,0.9843625,0.9844845,0.99064493,0.9835436,0.98417634,0.98917073,0.9938416,0.9884292,0.9762414,0.9863958,0.9921807,0.98599744,0.98898816,0.98492235,0.98467875,0.9848354,0.9762756,0.9843611,0.9885649,0.9852972,0.98537964,0.98509014,0.97296405,0.9862081,0.9884009,0.99735767,0.98593974,0.9887157,0.98762655,0.9930475,0.9849832,0.9873481,0.9887076,0.9881038,0.991709,0.984389,0.98889065,0.97625935,0.99308145,0.98433024,0.9848079,0.97625446,0.9881535,0.9875187,0.98854953,0.9918103,0.9872694,0.9939235,0.9847514,0.987411,0.98621756,0.9863242,0.98855066,0.9957595,0.9900214,0.98897874,0.98838943,0.99473226,0.9855037
8,8,2022-01-23,0.9885712,0.9886418,0.98839194,0.9862706,0.9880285,0.98366666,0.9862094,0.9890338,0.97536933,0.98715335,0.98447543,0.9879766,0.9889657,0.997998,0.9879604,0.9924175,0.99239874,0.9750429,0.98756367,0.98671263,0.9842154,8,0.99683404,0.98781383,0.9906529,0.9883079,0.9880669,0.98926437,0.9881757,0.98433346,0.98475355,0.9946959,0.98847127,0.9847075,0.9851922,0.98798704,0.98738486,0.98390937,0.98910064,0.98513675,0.9860361,0.988633,0.97536266,0.9843625,0.9844845,0.98855203,0.99451244,0.98417634,0.98917073,0.97269297,0.98840845,0.9753404,0.9863958,0.9847992,0.98599744,0.98898816,0.98492235,0.98467875,0.9848354,0.9776462,0.9843611,0.9885649,0.9852972,0.98537964,0.98509014,0.97353554,0.9862081,0.9884009,0.9864917,0.98593974,0.9887157,0.98762655,0.99245757,0.9849832,0.9873481,0.9887076,0.99285847,0.99085724,0.984389,0.9885945,0.9753847,0.99250823,0.98402655,0.9848079,0.975393,0.9881535,0.9931251,0.9914812,0.98844546,0.9872694,0.99120486,0.9847514,0.987411,0.98621756,0.9863242,0.99140275,0.9882681,0.9914634,0.9886821,0.98850924,0.99807215,0.9855037
9,9,2022-01-25,0.9907637,0.9886418,0.98822045,0.9862706,0.9880285,0.9829934,0.9862094,0.9890338,0.9752028,0.98715335,0.98447543,0.9935617,0.9889657,0.9958817,0.9905387,0.9882858,0.98832023,0.97215825,0.98756367,0.98671263,0.9842154,9,0.99104375,0.98781383,0.99204594,0.99591297,0.9916772,0.98926437,0.9881757,0.98433346,0.98475355,0.9946944,0.98847127,0.9847075,0.9851922,0.98798704,0.98738486,0.98389596,0.98910064,0.98513675,0.9860361,0.9887971,0.97521514,0.9843625,0.9844845,0.9906524,0.98302037,0.98417634,0.98917073,0.9950038,0.98844165,0.9751933,0.9863958,0.99274117,0.98599744,0.98898816,0.98492235,0.98467875,0.9848354,0.97516036,0.9843611,0.9885649,0.9852972,0.98537964,0.98509014,0.9738331,0.9862081,0.9884009,0.99756444,0.98593974,0.9887157,0.9935078,0.9939891,0.9849832,0.9873481,0.9887076,0.98812956,0.9909029,0.984389,0.9887414,0.97523254,0.9939193,0.9840484,0.9848079,0.9752246,0.9881535,0.98779094,0.98863316,0.9916836,0.9872694,0.9926111,0.9847514,0.987411,0.98621756,0.9863242,0.98863345,0.9959474,0.99116904,0.9889145,0.9885838,0.99587667,0.9855037
10,10,2022-01-30,0.99083614,0.9886418,0.9886475,0.9862706,0.9880285,0.983876,0.9862094,0.9890338,0.9811435,0.98715335,0.98447543,0.9879766,0.9889657,0.9974384,0.9957419,0.9921162,0.9920951,0.9805038,0.98756367,0.98671263,0.9842154,10,0.99064755,0.98781383,0.9971004,0.9883079,0.9934265,0.98914874,0.9881757,0.98433346,0.98475355,0.9947578,0.98847127,0.9847075,0.9851922,0.98798704,0.98738486,0.98670375,0.98910064,0.98513675,0.9860361,0.98856086,0.9810953,0.9843625,0.9844845,0.9907198,0.991157,0.98417634,0.98917073,0.97270125,1.0014644,0.98111886,0.9863958,0.99239033,0.98599744,0.98898816,0.98492235,0.98467875,0.9848354,0.980993,0.9843611,0.9885649,0.9852972,0.98537964,0.98509014,0.9722664,0.9862081,0.9884009,0.9965441,0.98593974,0.9887157,0.98762655,0.9933863,0.9849832,0.9873481,0.9887076,0.9937793,0.99025154,0.984389,0.9885236,0.98108757,0.9934004,0.9868268,0.9848079,0.9811166,0.9881535,0.99208283,0.9907558,0.9885423,0.9872694,0.99766916,0.9847514,0.987411,0.98621756,0.9863242,0.99067205,0.9882681,0.991113,0.988609,0.9894947,0.99751395,0.9855037
11,11,2022-02-02,0.9887959,0.9886418,0.9882965,0.9862706,0.9880285,0.98362553,0.9862094,0.9890338,0.97630847,0.98715335,0.98447543,0.9879766,0.9889657,1.0004587,0.9882961,1.000534,1.0006087,0.97606266,0.98756367,0.98671263,0.9842154,11,0.9926808,0.98781383,0.9971004,0.9883079,0.9879343,0.98926437,0.9881757,0.98433346,0.98475355,0.99440485,0.98847127,0.9847075,0.9851922,0.98798704,0.98738486,0.9874461,0.98910064,0.98513675,0.9860361,0.98840386,0.97629243,0.9843625,0.9844845,0.9887781,0.9835436,0.98417634,0.98917073,0.9931215,0.9883003,0.9762685,0.9863958,0.9848003,0.98599744,0.98898816,0.98492235,0.98467875,0.9848354,0.97758186,0.9843611,0.9885649,0.9852972,0.98537964,0.98509014,0.9896075,0.9862081,0.9884009,0.9864917,0.98593974,0.9887157,0.98762655,0.9932137,0.9849832,0.9873481,0.9887076,0.9880755,0.99082834,0.984389,0.98836744,0.9763176,0.99327135,0.98758125,0.9848079,0.97633517,0.9881535,0.9876672,0.9885291,0.98855793,0.9872694,0.99766916,0.9847514,0.987411,0.98621756,0.9863242,0.9885298,0.9882681,0.99174,0.98845094,0.9895747,1.0005326,0.9855037
12,12,2022-02-04,0.99080306,0.9886418,0.9882776,0.9862706,0.9880285,0.98309934,0.9862094,0.9890338,0.9828931,0.98715335,0.98447543,0.9879766,0.9889657,0.9965413,0.99156904,0.9906583,0.9906272,0.9879889,0.98756367,0.98671263,0.9842154,12,0.99321306,0.98781383,1.0017319,0.9959114,0.9934025,0.98926437,0.9881757,0.98433346,0.98475355,0.99495333,0.98847127,0.9847075,0.9851922,0.98798704,0.98738486,0.9841869,0.98910064,0.98513675,0.9860361,0.9884867,0.9828636,0.9843625,0.9844845,0.99067336,0.99317783,0.98417634,0.98917073,0.9840598,0.9886921,0.98289657,0.9863958,0.9923672,0.98599744,0.98898816,0.98492235,0.98467875,0.9848354,0.9815437,0.9843611,0.9885649,0.9852972,0.98537964,0.98509014,0.9740351,0.9862081,0.9884009,0.99760187,0.98593974,0.9887157,0.98762655,0.9931067,0.9849832,0.9873481,0.9887076,0.99230033,0.9923155,0.984389,0.9884499,0.9828365,0.9930572,0.9843596,0.9848079,0.9828445,0.9881535,0.99185044,0.9906222,0.98925745,0.9872694,1.0019499,0.9847514,0.987411,0.98621756,0.9863242,0.99057305,0.9959094,0.9899362,0.9885326,0.9893895,0.9965405,0.9855037
13,13,2022-02-07,0.9888002,0.9886418,0.988401,0.9862706,0.9880285,0.983202,0.9862094,0.9890338,0.97878927,0.98715335,0.98447543,0.9879766,0.9889657,1.002701,0.9882214,0.98833925,0.9883327,0.97635573,0.98756367,0.98671263,0.9842154,13,0.9905348,0.98781383,1.0016778,0.9883079,1.00064,0.98926437,0.9881757,0.98433346,0.98475355,0.9949724,0.98847127,0.9847075,0.9851922,0.98798704,0.98738486,0.98486227,0.98910064,0.98513675,0.9860361,0.9882106,0.9787698,0.9843625,0.9844845,0.98881584,0.9841508,0.98417634,0.98917073,0.9918425,0.98843837,0.9787665,0.9863958,0.98365796,0.98599744,0.98898816,0.98492235,0.98467875,0.9848354,0.9797706,0.9843611,0.9885649,0.9852972,0.98537964,0.98509014,0.9712845,0.9862081,0.9884009,0.9864917,0.98593974,0.9887157,0.98762655,0.9934974,0.9849832,0.9873481,0.9887076,0.988046,0.99130625,0.984389,0.9881731,0.9787853,0.9935263,0.98502296,0.9848079,0.9787955,0.9881535,0.9876928,0.98850155,0.9887223,0.9872694,1.0018978,0.9847514,0.987411,0.98621756,0.9863242,0.98850185,0.9882681,0.99043185,0.98825675,0.98948467,1.0027634,0.9855037
14,14,2022-02-09,0.99061877,0.9886418,0.9885024,0.9862706,0.9880285,0.9832696,0.9862094,0.9890338,0.9804976,0.98715335,0.98447543,0.9879766,0.9889657,0.9953761,0.9924762,0.99205726,0.9920358,0.9799091,0.98756367,0.98671263,0.9842154,14,0.99192244,0.98781383,1.0016149,0.995753,0.99232095,0.98926437,0.9881757,0.98433346,0.98475355,0.9949381,0.98847127,0.9847075,0.9851922,0.98798704,0.98738486,0.9875199,0.98910064,0.98513675,0.9860361,0.9882944,0.9804723,0.9843625,0.9844845,0.99051607,0.9922585,0.98417634,0.98917073,0.9726991,0.98842186,0.9804804,0.9863958,0.99180204,0.98599744,0.98898816,0.98492235,0.98467875,0.9848354,0.98151374,0.9843611,0.9885649,0.9852972,0.98537964,0.98509014,0.9752981,0.9862081,0.9884009,0.996225,0.98593974,0.9887157,0.98762655,0.99324733,0.9849832,0.9873481,0.9887076,0.9926063,0.9907561,0.984389,0.98825765,0.9804729,0.9931834,0.98765945,0.9848079,0.98048854,0.9881535,0.98997104,0.9912284,0.990965,0.9872694,1.0018373,0.9847514,0.987411,0.98621756,0.9863242,0.99114615,0.99579173,0.9898639,0.9883416,0.989095,0.99536806,0.9855037
15,15,2022-02-12,0.9887585,0.9886418,0.9884383,0.9862706,0.9880285,0.983289,0.9862094,0.9890338,0.97565067,0.98715335,0.98447543,0.9879766,0.9889657,1.0009527,0.9881754,0.98846596,0.9884998,0.9761535,0.98756367,0.98671263,0.9842154,15,0.99612635,0.98781383,1.0016532,0.9883079,0.9879727,0.98926437,0.9881757,0.98433346,0.98475355,0.9949058,0.98847127,0.9847075,0.9851922,0.98798704,0.98738486,0.98695874,0.98910064,0.98513675,0.9860361,0.98839957,0.97563076,0.9843625,0.9844845,0.9887745,0.98424935,0.98417634,0.98917073,0.9928826,0.98822427,0.9756073,0.9863958,0.9841936,0.98599744,0.98898816,0.98492235,0.98467875,0.9848354,0.9787109,0.9843611,0.9885649,0.9947075,1.0113547,0.98509014,0.9729631,0.9862081,0.9884009,0.9864917,0.98593974,0.9887157,0.98762655,0.9930936,0.9849832,0.9873481,0.9887076,0.9879371,0.98353887,0.984389,0.9883623,0.97565323,0.9930379,0.9870944,0.9995987,0.9756741,0.9881535,0.9876557,0.9883784,0.98864895,0.9872694,1.0018742,0.9847514,0.987411,0.98621756,0.9863242,0.9883788,0.9882681,0.9908321,0.9884473,0.9891709,1.0010276,0.9855037
16,16,2022-02-14,0.99080336,0.9886418,0.98845357,0.9862706,0.9880285,0.98311096,0.9862094,0.9890338,0.97979265,0.98715335,0.98447543,0.9879766,0.9889657,0.9961589,0.9896928,0.9921274,0.99211353,0.9794467,0.98756367,0.98671263,0.9842154,16,0.9969454,0.98781383,0.9973666,0.9954957,0.99354804,0.98926437,0.9881757,0.98433346,0.98475355,0.99492025,0.98847127,0.9847075,0.9851922,0.98798704,0.98738486,0.98370343,0.98910064,0.98513675,0.9860361,0.9888292,0.97974503,0.9843625,0.9844845,0.99070466,0.9913614,0.98417634,0.98917073,0.9736135,0.9883704,0.97976506,0.9863958,0.9923705,0.98599744,0.98898816,0.98492235,0.98467875,0.9848354,0.98110783,0.9843611,0.9885649,0.9852972,0.98537964,0.98509014,0.97294813,0.9862081,0.9884009,0.99803394,0.98593974,0.9887157,0.98762655,0.9931274,0.9849832,0.9873481,0.9887076,0.991641,0.9906059,0.984389,0.9887914,0.9797423,0.9931035,0.9838606,0.9848079,0.97977465,0.9881535,0.9914569,0.9914562,0.9928944,0.9872694,0.9979331,0.9847514,0.987411,0.98621756,0.9863242,0.99139816,0.9955362,0.98971057,0.988878,0.98953277,0.99615127,0.9855037
17,17,2022-02-17,0.98846483,0.9886418,0.9884952,0.9862706,0.9880285,0.9852862,0.9862094,0.9890338,0.97550553,0.98715335,0.98447543,0.9879766,0.9889657,1.0022867,0.9883957,0.98840225,0.98839587,0.97552323,0.98756367,0.98671263,0.9842154,17,0.9969454,0.98781383,0.9937142,0.9883079,0.9882113,0.98926437,0.9881757,0.98433346,0.98475355,0.9946771,0.98847127,0.9847075,0.9851922,0.98798704,0.98738486,0.984594,0.98910064,0.98513675,0.9860361,0.98896426,0.97551024,0.9843625,0.9844845,0.98848075,0.9836915,0.98417634,0.98917073,0.99497527,0.988113,0.97547275,0.9863958,0.9837981,0.98599744,0.98898816,0.98492235,0.98467875,0.9848354,0.9800286,0.9843611,0.9885649,0.9852972,0.98537964,0.98509014,0.97780085,0.99587053,0.9884009,0.9864917,0.98593974,0.9887157,0.98762655,0.9756236,0.9849832,0.9873481,0.9887076,0.98809767,0.9916337,0.984389,0.9889262,0.9755379,0.97611916,0.98476666,0.9848079,0.97554314,0.9881535,0.98778766,0.98849714,0.98849183,0.9872694,0.99429905,0.9847514,0.987411,0.98621756,0.9863242,0.98849815,0.9882681,0.99223846,0.98901385,0.9973595,1.0023454,0.9855037
18,18,2022-02-19,0.9905414,0.9886418,0.98833036,0.9862706,0.9880285,0.98544556,0.9862094,0.9890338,0.9758715,0.98715335,0.98447543,0.9879766,0.9889657,0.9945308,0.9926525,0.99136835,0.9913464,0.97145075,0.98756367,0.98671263,0.9842154,18,0.9975626,0.98781383,0.99444056,0.99583316,0.9939792,0.98926437,0.9881757,0.98433346,0.98475355,0.994783,0.98847127,0.9847075,0.9851922,0.98798704,0.98738486,0.9845566,0.98910064,0.98513675,0.9860361,0.98891425,0.97588664,0.9843625,0.9844845,0.9904347,0.9926478,0.98417634,0.98917073,0.9736601,0.98842007,0.9758553,0.9863958,0.99265677,0.98599744,0.98898816,0.98492235,0.98467875,0.9848354,0.979382,0.9843611,0.9885649,0.9852972,0.98537964,0.98509014,0.9742227,0.9862081,0.9884009,0.99796623,0.98593974,0.9887157,0.98762655,0.99330974,0.9849832,0.9873481,0.9887076,0.99250215,0.99157566,0.984389,0.9888679,0.9759077,0.9933404,0.9847431,0.9848079,0.97590053,0.9881535,0.991279,0.9908714,0.9895283,0.9872694,0.9950306,0.9847514,0.987411,0.98621756,0.9863242,0.990789,0.9958568,0.99085104,0.98899436,0.9886188,0.9945212,0.9855037
19,19,2022-02-22,0.9886294,0.9886418,0.9886004,0.9862706,0.9880285,0.98345184,0.9862094,0.9890338,0.9770334,0.98715335,0.98447543,0.9879766,0.9889657,1.003118,0.98825854,0.9882308,0.98822427,0.9753612,0.98756367,0.98671263,0.9842154,19,1.0016633,0.98781383,0.99720573,0.9883079,0.9879332,0.98926437,0.9881757,0.98433346,0.98475355,0.9949014,0.98847127,0.9847075,0.9851922,0.98798704,0.98738486,0.9837202,0.98910064,0.98513675,0.9860361,0.9885563,0.97703826,0.9843625,0.9844845,0.9885872,0.98301876,0.98417634,0.98917073,0.9956891,0.98845834,0.9770182,0.9863958,0.9839146,0.98599744,0.98898816,0.98492235,0.98467875,0.9848354,0.97827923,0.9843611,0.9885649,0.9852972,0.98537964,0.98509014,0.9846143,0.9862081,0.9884009,0.9864917,0.98593974,0.9887157,0.98762655,0.9933668,0.9849832,0.9873481,0.9887076,0.98804396,0.9919301,0.984389,0.9885192,0.9770615,0.9932792,0.9838261,0.9848079,0.97706115,0.9881535,0.98764366,0.98857266,0.9886554,0.9872694,0.9977644,0.9847514,0.987411,0.98621756,0.9863242,0.98857284,0.9882681,0.99145293,0.9886035,0.98953587,1.0031528,0.9855037
20,20,2022-02-24,0.9902964,0.9886418,0.9886825,0.9862706,0.99657696,0.98516095,0.9862094,0.9890338,0.9795365,0.98715335,0.98447543,0.9879766,0.9889657,0.9961085,0.989012,0.99376756,0.9937358,0.9766227,1.005356,0.98671263,0.9842154,20,0.99558806,0.98781383,0.99444056,0.93290013,0.99300057,0.98926437,0.9966741,0.98433346,0.98475355,0.9947499,0.98847127,0.9847075,0.9851922,0.98798704,0.98738486,0.98410076,0.98910064,0.98513675,0.9860361,0.9885753,0.9794871,0.9843625,0.9844845,0.990184,0.9924915,0.98417634,0.98917073,0.9721701,0.9970932,0.97950965,0.9863958,0.9932052,0.98599744,0.98898816,0.98492235,0.98467875,0.9848354,0.98043483,0.9843611,0.9885649,0.9852972,0.98537964,0.98509014,0.9830449,0.9862081,0.9884009,0.99701256,0.98593974,0.9887157,0.98762655,0.9932621,0.9849832,0.9873481,0.9887076,0.99245405,0.9914669,0.984389,0.9885375,0.9661666,0.99329174,0.9842729,0.9848079,0.97951674,0.9881535,0.9910539,0.9922681,0.9912637,0.9872694,0.9950306,0.9847514,0.987411,0.98621756,0.9863242,0.9921835,0.9083046,0.99158597,0.98862416,0.98862475,0.9961042,0.9855037
21,21,2022-02-27,0.98839414,0.9886418,0.9881916,0.9862706,0.9880285,0.98467404,0.9862094,0.9890338,0.9747886,0.98715335,0.98447543,0.9879766,0.9889657,1.0030148,0.98840064,0.9886466,0.9886431,0.9714174,0.98756367,0.98671263,0.9842154,21,1.0016078,0.98781383,0.9943766,0.9883079,0.9881075,0.98926437,0.9881757,0.98433346,0.98475355,0.99495083,0.98847127,0.9847075,0.9851922,0.98798704,0.98738486,0.98418474,0.98910064,0.98513675,0.9860361,0.98893714,0.9748002,0.9843625,0.9844845,0.9884109,0.983902,0.98417634,0.98917073,0.9925467,0.98846114,0.9747893,0.9863958,0.9866895,0.98599744,0.98898816,0.98492235,0.98467875,0.9848354,0.97668463,0.9843611,0.9885649,0.9852972,0.98537964,0.98509014,0.97263557,0.9862081,0.9884009,0.9864917,0.98593974,0.9887157,0.98762655,0.99239093,0.9849832,0.9873481,0.9887076,0.9880145,0.9905126,0.984389,0.9888988,0.97480845,0.99239045,0.9843026,0.9848079,0.974803,0.9881535,0.98767525,0.98948205,0.9885133,0.9872694,0.9949684,0.9847514,0.987411,0.98621756,0.9863242,0.9894829,0.9882681,0.9925245,0.9889869,0.9884636,1.0030508,0.9855037
22,22,2022-03-01,0.9905012,0.9886418,0.9884275,0.9862706,0.9880285,0.98340756,0.9862094,0.9890338,0.9778993,0.98715335,0.98447543,0.9879766,0.9889657,0.9956182,0.9909157,0.9908946,0.99086607,0.9746302,0.98756367,0.98671263,0.9842154,22,0.9967177,0.98781383,0.9973666,0.99553686,0.99213505,0.98926437,0.9881757,0.98433346,0.98475355,0.9949328,0.98847127,0.9847075,0.9851922,0.98798704,0.98738486,0.98409617,0.98910064,0.98513675,0.9860361,0.9889886,0.97791624,0.9843625,0.9844845,0.9903906,0.9930165,0.98417634,0.98917073,0.98958224,0.98837847,0.977904,0.9863958,0.991658,0.98599744,0.98898816,0.98492235,0.98467875,0.9848354,0.9807657,0.9843611,0.9885649,0.9852972,0.98537964,0.98509014,0.9719942,0.9862081,0.9884009,0.9975005,0.98593974,0.9887157,0.98762655,0.99337196,0.9849832,0.9873481,0.9887076,0.9925241,0.99047565,0.984389,0.9889505,0.97792363,0.9933053,0.9842678,0.9848079,0.97791326,0.9881535,0.99169314,0.9908996,0.9909486,0.9872694,0.9979331,0.9847514,0.987411,0.98621756,0.9863242,0.9908433,0.9955783,0.9911313,0.9890394,0.989543,0.99561185,0.9855037
23,23,2022-03-04,0.9882403,0.9886418,0.9881883,0.9862706,0.9880285,0.982992,0.9862094,0.9890338,0.9750777,0.98715335,0.98447543,0.9879766,0.9889657,1.0029318,0.98823714,0.98830795,0.9883009,0.96791345,0.98756367,0.98671263,1.0003366,23,1.0015444,0.98781383,0.9849518,0.9883079,0.9880374,0.98926437,0.9881757,0.98433346,0.98475355,0.9942982,0.98847127,0.9847075,0.9851922,0.98798704,0.98738486,0.98425126,0.98910064,0.98513675,0.9860361,0.9888901,0.97508025,0.9843625,0.9844845,0.98825693,0.98365176,1.0003315,0.98917073,0.99296993,0.98846537,0.97506905,0.9863958,0.9874457,0.98599744,0.98898816,0.98492235,0.98467875,0.9848354,0.9718221,0.9843611,0.9885649,0.9852972,0.98537964,0.98509014,0.9828056,0.9862081,0.9884009,0.9864917,0.98593974,0.9887157,0.98762655,0.9932282,0.9849832,0.9873481,0.9887076,0.98789907,0.9906522,0.984389,0.9888481,0.9750908,0.993161,0.9844421,0.9848079,0.9750915,0.9881535,0.98760074,0.98955375,0.9885448,0.9872694,0.98551124,0.9847514,0.987411,0.98621756,0.9863242,0.9895622,0.9882681,0.99212885,0.9889598,0.9883863,1.0029826,0.9855037
24,24,2022-03-06,0.9917619,0.9886418,0.9884792,0.9862706,0.9880285,0.9835961,0.9862094,0.9890338,0.9764849,0.98715335,0.98447543,0.9832146,0.9889657,0.99422616,0.9925569,0.9939458,0.9939144,0.9720536,0.98756367,0.98671263,0.9842154,24,0.99600345,0.98781383,0.9931948,0.99602026,0.9927349,0.98926437,0.9881757,0.98433346,0.98475355,0.99506825,0.98847127,0.9847075,0.9851922,0.98798704,0.98738486,0.98372155,0.98910064,0.98513675,0.9860361,0.9886074,0.9764895,0.9843625,0.9844845,0.9916693,0.992301,0.98417634,0.98917073,0.974076,0.9883882,0.97647494,0.9863958,0.992051,0.98599744,0.98898816,0.98492235,0.98467875,0.9848354,0.9775649,0.9843611,0.9885649,0.9852972,0.98537964,0.98509014,0.9711859,0.9862081,0.9884009,0.9971889,0.98593974,0.9887157,0.9831172,0.99345386,0.9849832,0.99573493,0.9887076,0.993322,0.99118984,0.984389,0.98856235,0.9765011,0.9934729,0.9838446,0.9848079,0.9764983,0.9881535,0.98986757,0.98976344,0.99156827,0.9956687,0.9937701,0.9847514,0.964834,0.98621756,0.9863242,0.98967814,0.99605155,0.990548,0.9887014,0.98846865,0.994201,0.9855037
25,25,2022-03-09,0.9883172,0.9886418,0.98854434,0.9862706,0.9880285,0.9836182,0.9862094,0.9890338,0.9796166,0.98715335,0.98447543,0.9879766,0.9889657,1.0030719,0.98820394,0.9882859,0.98828006,0.974348,0.98756367,0.98671263,0.9931273,25,1.0015833,0.98781383,0.9971004,0.9883079,0.9919805,0.98926437,0.9881757,0.98433346,0.98475355,0.99491394,0.98847127,0.9847075,0.9851922,0.98798704,0.98738486,0.9867934,0.98910064,0.98513675,0.9860361,0.98816985,0.97958684,0.9843625,0.9844845,0.9883374,0.9830852,0.9999625,0.98917073,0.9941795,0.9882773,0.97961426,0.9863958,0.98420066,0.98599744,0.98898816,0.98492235,0.98467875,0.9848354,0.97898865,0.9843611,0.9885649,0.9852972,0.98537964,0.98509014,0.9759671,0.9862081,0.9884009,0.9864917,0.98593974,0.9887157,0.98762655,0.99298364,0.9849832,0.9873481,0.9887076,0.9880943,0.99140763,0.984389,0.9881298,0.9795763,0.9930136,0.9869102,0.9848079,0.9795915,0.9881535,0.9877353,0.9893782,0.98850155,0.9872694,0.99766916,0.9847514,0.987411,0.98621756,0.9863242,0.98937774,0.9882681,0.99225795,0.9882399,0.98952955,1.0031247,0.9855037
26,26,2022-03-11,0.9901184,0.9886418,0.9883026,0.9862706,0.9880285,0.98333573,0.9862094,0.9890338,0.97521687,0.98715335,0.98447543,0.9879766,0.9889657,0.99576074,0.99055487,0.9914919,0.99145746,0.97435725,0.98756367,0.98671263,0.9842154,26,0.99642485,0.98781383,0.98721373,0.9955251,0.9879031,0.98926437,0.9881757,0.98433346,0.98475355,0.9944616,0.98847127,0.9847075,0.9851922,0.98798704,0.98738486,0.9842565,0.98910064,0.98513675,0.9860361,0.9890203,0.9752409,0.9843625,0.9844845,0.9899866,0.9925562,0.98417634,0.98917073,0.97105795,0.9885657,0.97520375,0.9863958,0.99185616,0.98599744,0.98898816,0.98492235,0.98467875,0.9848354,0.976394,0.9843611,0.9885649,0.9852972,0.98537964,0.98509014,0.9738528,0.9862081,0.9884009,0.99748594,0.98593974,0.9887157,0.98762655,0.9936786,0.9849832,0.9873481,0.9887076,0.99305314,0.98975796,0.984389,0.98897564,0.9752643,0.99360406,0.984434,0.9848079,0.9752534,0.9881535,0.9903824,0.98959714,0.99045753,0.9872694,0.9878286,0.9847514,0.987411,0.98621756,0.9863242,0.98954004,0.99555856,0.99175805,0.98909336,0.98857087,0.995755,0.9855037
27,27,2022-03-14,0.98804337,0.9886418,0.988378,0.9862706,0.9880285,0.98315006,0.9862094,0.9890338,0.98165673,0.98715335,0.98447543,0.9879766,0.9889657,0.9905864,0.988176,0.9883609,0.9883926,0.9777211,0.98756367,0.98671263,0.9940302,27,0.9972157,0.98781383,1.0012453,0.9883079,0.99272454,0.98926437,0.9881757,0.98433346,0.98475355,0.99466246,0.98847127,0.9847075,0.9851922,0.98798704,0.98738486,0.9852047,0.98910064,0.98513675,0.9860361,0.98855543,0.9816127,0.9843625,0.9844845,0.9880624,0.98318756,1.001375,0.98917073,0.99510336,0.9885764,0.9816439,0.9863958,0.98487747,0.98599744,0.98898816,0.98492235,0.98467875,0.9848354,0.9806064,0.9843611,0.9885649,0.9852972,0.98537964,0.98509014,0.9848793,0.9862081,0.9884009,0.9864917,0.98593974,0.9887157,0.98762655,0.99201304,0.9849832,0.9873481,0.9887076,0.9881462,0.9905214,0.984389,0.988519,0.9815979,0.9919872,0.9853627,0.9848079,0.9816255,0.9881535,0.98742765,0.98947483,0.9883283,0.9872694,1.0015063,0.9847514,0.987411,0.98621756,0.9863242,0.9894727,0.9882681,0.9911467,0.9885987,0.98902637,0.9905983,0.9855037
28,28,2022-03-16,0.99066716,0.9886418,0.9883505,0.9862706,0.9880285,0.9850961,0.9862094,0.9890338,0.9789717,0.98715335,0.98447543,0.9879766,0.9889657,0.99541754,0.9913499,0.9920915,0.99206823,0.97502226,0.98756367,0.98671263,0.9842154,28,0.9935897,0.98781383,0.99647,0.9954072,0.992058,0.98926437,0.9881757,0.98433346,0.98475355,0.9950359,0.98847127,0.9847075,0.9851922,0.98798704,0.98738486,0.9842463,0.98910064,0.98513675,0.9860361,0.9888507,0.9789283,0.9843625,0.9844845,0.9905853,0.9909167,0.98417634,0.98917073,0.9753807,0.98834974,0.9789363,0.9863958,0.9930032,0.98599744,0.98898816,0.98492235,0.98467875,0.9848354,0.980139,0.9843611,0.9885649,0.9852972,0.98537964,0.98509014,0.9725796,0.9862081,0.9884009,0.99743044,0.98593974,0.9887157,0.98762655,0.9935238,0.9849832,0.9873481,0.9887076,0.992774,0.9912802,0.984389,0.98881245,0.97893107,0.99354744,0.98442155,0.9848079,0.97895765,0.9881535,0.9897987,0.9909097,0.9925139,0.9872694,0.9970567,0.9847514,0.987411,0.98621756,0.9863242,0.99086106,0.9954502,0.99061733,0.9889002,0.9892851,0.9954107,0.9855037
29,29,2022-03-19,0.9881312,0.9886418,0.98836356,0.9862706,0.9880285,0.9829619,0.9862094,0.9890338,0.9752989,0.98715335,0.98447543,0.9879766,0.9889657,1.0028852,0.98825526,0.9885064,0.9885015,0.9770198,0.98756367,0.98671263,0.9993637,29,0.9954868,0.98781383,1.0016149,0.9883079,0.98807204,0.98926437,0.9881757,0.98433346,0.98475355,0.9950551,0.98847127,0.9847075,0.9851922,0.98798704,0.98738486,0.9857476,0.98910064,0.98513675,0.9860361,0.9882874,0.9752923,0.9843625,0.9844845,0.98814726,0.9832553,0.9993605,0.98917073,0.9939963,0.9883809,0.9752717,0.9863958,0.9875139,0.98599744,0.98898816,0.98492235,0.98467875,0.9848354,0.97961235,0.9843611,0.9885649,0.9852972,0.98537964,0.98509014,0.9811203,0.9862081,0.9884009,0.9864917,0.98593974,0.9887157,0.98762655,0.99312556,0.9849832,0.9873481,0.9887076,0.9880673,0.9914306,0.984389,0.9882531,0.9753124,0.9931507,0.985925,0.9848079,0.97531974,0.9881535,0.98762,0.98908377,0.9886504,0.9872694,1.0018373,0.9847514,0.987411,0.98621756,0.9863242,0.98908377,0.9882681,0.99076056,0.9883348,0.98925436,1.0029378,0.9855037
30,30,2022-03-21,0.9909039,0.9886418,0.9884953,0.9862706,0.9880285,0.9858541,0.9862094,0.9890338,0.97817194,0.98715335,0.98447543,0.99343574,0.9889657,0.994617,0.9921946,0.99178046,0.991741,0.9741047,0.98756367,0.98671263,0.9842154,30,0.9943143,0.98781383,0.99647,0.99557394,0.9931561,0.98926437,0.9881757,0.98433346,0.98475355,0.9948634,0.98847127,0.9847075,0.9851922,0.98798704,0.98738486,0.9845439,0.98910064,0.98513675,0.9860361,0.9889647,0.97817504,0.9843625,0.9844845,0.9907694,0.9921117,0.98417634,0.98917073,0.9729692,0.9883413,0.9781664,0.9863958,0.9915388,0.98599744,0.98898816,0.98492235,0.98467875,0.9848354,0.98025584,0.9843611,0.9885649,0.9852972,0.98537964,0.98509014,0.9718775,0.9862081,0.9884009,0.9973398,0.98593974,0.9887157,0.99338645,0.9933622,0.9849832,0.9871946,0.9887076,0.9927474,0.9914876,0.984389,0.9889263,0.97818065,0.9933866,0.9847146,0.9848079,0.9781828,0.9881535,0.99090904,0.98973423,0.99114907,0.9871416,0.9970567,0.9847514,0.987411,0.98621756,0.9863242,0.98968476,0.9955769,0.99105996,0.9890152,0.98925585,0.99459106,0.9855037
31,31,2022-03-24,0.988235,0.9886418,0.9881531,0.9862706,0.9880285,0.98270065,0.9862094,0.9890338,0.98250854,0.98715335,0.98447543,0.9879766,0.9889657,1.0024322,0.9882244,0.988399,0.9884302,0.9787566,0.98756367,0.98671263,0.99967253,31,0.99704605,0.98781383,1.0012765,0.9883079,0.98793393,0.98926437,0.9881757,0.98433346,0.98475355,0.994797,0.98847127,0.9847075,0.9851922,0.98798704,0.98738486,0.98629,0.98910064,0.98513675,0.9860361,0.9886363,0.9824906,0.9843625,0.9844845,0.98825103,0.9832746,0.99966323,0.98917073,0.992145,0.98827606,0.982526,0.9863958,0.98694974,0.98599744,0.98898816,0.98492235,0.98467875,0.9848354,0.9807679,0.9843611,0.9885649,0.9852972,0.98537964,0.98509014,0.97818905,0.9862081,0.9884009,0.9864917,0.98593974,0.9887157,0.98762655,0.9924445,0.9849832,0.9873481,0.9887076,0.98811007,0.9909254,0.984389,0.9886034,0.98246694,0.99238396,0.9864453,0.9848079,0.982469,0.9881535,0.9875403,0.98916274,0.9886961,0.9872694,1.0015283,0.9847514,0.987411,0.98621756,0.9863242,0.9891606,0.9882681,0.9909211,0.98869324,0.9889986,1.0024834,0.9855037
32,32,2022-03-26,0.9902629,0.9886418,0.98851186,0.9862706,0.9880285,0.9834898,0.9862094,0.9890338,0.98372275,0.98715335,0.98447543,0.9879766,0.9889657,0.9943711,0.9917438,0.99107826,0.9910518,0.97976977,0.98756367,0.98671263,0.9842154,32,0.9943143,0.98781383,1.0011973,0.9955299,0.9922561,0.98926437,0.9881757,0.98433346,0.98475355,0.99503714,0.9919822,0.9847075,0.9851922,0.98798704,0.98738486,0.9842024,0.98910064,0.98513675,0.9860361,0.9885314,0.983702,0.9843625,0.9844845,0.99018335,0.9916773,0.98417634,0.98917073,0.97299767,0.9883059,0.9836954,0.9863958,0.991852,0.98599744,0.98898816,0.98492235,0.98467875,0.9848354,0.98300385,0.9843611,0.9847821,0.9852972,0.98537964,0.98509014,0.97326565,0.9862081,0.9884009,0.99759585,0.98593974,0.99203527,0.98762655,0.9928869,0.9849832,0.9873481,0.9887076,0.9918338,0.99113095,0.984389,0.9884978,0.98371285,0.9928494,0.9843566,0.9848079,0.98373276,0.9881535,0.98961467,0.99015874,0.9903384,0.9872694,1.0014584,0.9847514,0.987411,0.98621756,0.9863242,0.99010205,0.9955653,0.99066734,0.9885912,0.9892801,0.99436265,0.9855037
33,33,2022-03-29,0.9886604,0.9886418,0.9886163,0.9862706,0.9880285,0.98451227,0.9862094,0.9890338,0.9841555,0.98715335,0.98447543,0.9879766,0.9889657,1.0033534,0.9884794,0.98845726,0.988452,0.97912633,0.98756367,0.98671263,0.9842154,33,0.99425036,0.98781383,0.99947953,0.9883079,0.9879246,0.98926437,0.9881757,0.98433346,0.98475355,0.99493474,0.98847127,0.9847075,0.9851922,0.98798704,0.98738486,0.98580116,0.98910064,0.98513675,0.9860361,0.9886272,0.9841223,0.983502,0.9844845,0.98867756,0.98313785,0.98417634,0.98917073,0.99347484,0.9883595,0.9841299,0.9863958,0.98372406,0.98599744,0.98898816,0.98492235,0.98467875,0.9848354,0.9821442,0.9843611,0.9885649,0.9852972,0.98537964,0.98509014,0.97448033,0.9862081,0.9884009,0.9864917,0.98593974,0.9887157,0.98762655,0.9928777,0.9849832,0.9873481,0.9887076,0.98805743,0.9913252,0.984389,0.9885955,0.984127,0.99280995,0.98594666,0.9848079,0.98415315,0.9881535,0.9876034,0.9895219,0.9885919,0.9872694,0.9997398,0.9847514,0.987411,0.98621756,0.9863242,0.98952055,0.9882681,0.99008965,0.9886821,0.9883186,1.00338,0.9855037
34,34,2022-03-31,0.9906544,0.9886418,0.9882709,0.9862706,0.9880285,0.9844202,0.9862094,0.9890338,0.98371834,0.98715335,0.98447543,0.9879766,0.9889657,0.9949748,0.992983,0.9910353,0.9910094,0.9821452,0.98756367,0.98671263,0.9842154,34,0.99771476,0.98781383,1.000253,0.99550104,0.9922788,0.98926437,0.9881757,0.98433346,0.98475355,0.9943979,0.98847127,0.9847075,0.9851922,0.98798704,0.98738486,0.9843379,0.98910064,0.98513675,0.9860361,0.98859113,0.98366654,0.9843625,0.9844845,0.99054384,0.99248207,0.98417634,0.98917073,0.9779516,0.9883608,0.98368365,0.9863958,0.99222296,0.98599744,0.98898816,0.98492235,0.98467875,0.9848354,0.98416895,0.9843611,0.9885649,0.9852972,0.98537964,0.98509014,0.9755307,0.9862081,0.9884009,0.99608123,0.98593974,0.9887157,0.98762655,0.9915187,0.9849832,0.99809754,0.9887076,0.9918755,0.99256253,0.984389,0.9885591,0.9836657,0.9914722,0.9844847,0.9848079,0.98370206,0.99723345,0.9922426,0.9908095,0.988849,1.001374,1.0005207,0.9847514,1.0105948,0.98621756,0.9863242,0.99075955,0.9955372,0.99062157,0.98864704,0.98845756,0.9949647,0.9855037
35,35,2022-04-03,0.9887958,0.9886418,0.9886327,0.9862706,0.9880285,0.9845959,0.9862094,0.9890338,0.9839344,0.98715335,0.98447543,0.9879766,0.9889657,1.003284,0.9882914,0.98845214,0.9884856,0.98223346,0.98756367,0.98671263,0.9842154,35,0.9972157,0.98781383,0.99955785,0.9883079,0.9882374,0.98926437,0.9881757,0.98433346,0.98475355,0.99488664,0.98847127,0.9847075,0.9851922,0.98798704,0.98738486,0.98665905,0.98910064,0.98513675,0.9860361,0.9890451,0.9839015,0.9843625,0.9844845,0.9888098,0.9853089,0.98417634,0.98917073,0.9925921,0.9880213,0.98394036,0.9863958,0.9846012,0.98599744,0.98898816,0.9967423,0.98467875,0.9848354,0.98252875,0.9843611,0.9885649,0.9852972,0.98537964,0.98509014,0.98784345,0.9862081,0.9884009,0.9864917,0.98593974,0.9887157,0.98762655,0.9917936,0.9849832,0.9873481,0.9887076,0.98792195,0.99180233,0.984389,0.9890113,0.98388183,0.9917244,0.9867519,0.9848079,0.9838943,0.9881535,0.9875833,0.9973897,0.98862267,0.9872694,0.99981743,0.9847514,0.987411,0.98621756,0.9863242,0.99736553,0.9882681,0.9908831,0.98910123,0.9884528,1.0033152,0.9855037
36,36,2022-04-05,0.9906119,0.9886418,0.9886136,0.9862706,0.9880285,0.984011,0.9862094,0.9890338,0.983565,0.98715335,0.98447543,0.9879766,0.9889657,0.9951058,0.9921216,0.9931026,0.9930862,0.9812224,0.98756367,0.98671263,0.9842154,36,0.9848446,0.98781383,0.9996002,0.9954904,0.9920407,0.98926437,0.9881757,0.98433346,0.98475355,0.9935523,0.98847127,0.9847075,0.9851922,0.98798704,0.98738486,0.98480976,0.98910064,0.98513675,0.9860361,0.9886606,0.983523,0.9843625,0.9844845,0.9904784,0.99225134,0.98417634,0.98917073,0.9741425,0.98821706,0.9835407,0.9863958,0.9914508,0.98599744,0.98898816,0.98492235,0.98467875,0.9848354,0.98435664,0.9843611,0.9885649,0.9852972,0.98537964,0.98509014,0.97796243,0.9862081,0.9884009,0.99668026,0.98593974,0.9887157,0.98762655,0.9928706,0.9849832,0.9873481,0.9887076,0.99295485,0.9932588,0.984389,0.98862773,0.9835367,0.9927915,0.9849634,0.9848079,0.9835584,0.9881535,0.9908086,0.9923197,0.99220276,0.9872694,0.9998572,0.9847514,0.987411,0.98621756,0.9863242,0.9922442,0.995529,0.9917499,0.9887181,0.98885053,0.9950978,0.9855037
37,37,2022-04-08,0.9887396,0.9886418,0.9880884,0.9862706,0.9880285,0.98315334,0.9862094,0.9890338,0.9820963,0.98715335,0.98447543,0.9879766,0.9889657,1.0034373,0.98834115,0.9882866,0.9883197,0.9777568,0.98756367,0.98671263,0.9842154,37,0.9956646,0.98781383,1.000951,0.9883079,0.9881301,0.98926437,0.9881757,0.98433346,0.98475355,0.99480563,0.98847127,0.9847075,0.9851922,0.98798704,0.98738486,0.984031,0.98910064,0.98513675,0.9860361,0.98839355,0.98206574,0.98125273,0.9844845,0.9887228,0.98546773,0.98417634,0.98917073,0.9923446,0.98841476,0.98209655,0.9863958,0.9845523,0.98599744,0.98898816,0.98492235,0.98467875,0.9848354,0.9827218,0.9843611,0.9885649,0.9852972,0.98537964,0.98509014,0.9880069,0.9862081,0.9884009,0.9864917,0.98593974,0.9887157,0.98762655,0.99373794,0.9849832,0.9873481,0.9887076,0.9882274,0.99145734,0.984389,0.98835635,0.98205,0.99365056,0.9841844,0.9848079,0.9820653,0.9881535,0.98783076,0.98860794,0.9885148,0.9872694,1.0011803,0.9847514,0.987411,0.98621756,0.9863242,0.9886078,0.9882681,0.9904249,0.988457,0.989181,1.0034646,0.9855037
38,38,2022-04-10,0.9912827,0.9886418,0.9881947,0.9862706,0.9880285,0.9850478,0.9862094,0.9890338,0.9828217,0.98715335,0.98447543,0.98310715,0.9889657,0.9956292,0.99247736,0.9905083,0.9904742,0.9797303,0.98756367,0.98671263,0.9842154,38,0.9930697,0.98781383,1.0004239,0.9955759,0.9915626,0.98926437,0.9881757,0.98433346,0.98475355,0.9950903,0.98847127,0.9847075,0.9851922,0.98798704,0.98738486,0.98582476,0.98910064,0.98513675,0.9860361,0.9884179,0.9828126,0.9843625,0.9844845,0.9911765,0.9928872,0.98417634,0.98917073,0.98411214,0.9885027,0.98282194,0.9863958,0.9928011,0.98599744,0.98898816,0.98492235,0.98467875,0.9848354,0.9829144,0.9843611,0.9885649,0.9852972,0.98537964,0.98509014,0.97636753,0.9862081,0.9884009,0.99769694,0.98593974,0.9887157,0.9830076,0.9912774,0.9849832,0.9960185,0.9887076,0.99211836,0.9916558,0.984389,0.98838145,0.98280597,0.9912094,0.9859828,0.9848079,0.9828107,0.9879383,0.9914405,0.99089986,0.9900457,0.9959486,1.0006692,0.9847514,0.960386,0.98621756,0.9863242,0.99084556,0.99561214,0.99081475,0.98846036,0.9889307,0.9956228,0.9855037
39,39,2022-04-13,0.9883895,0.9886418,0.9882167,0.9862706,0.9880285,0.98292667,0.9862094,0.9890338,0.98110527,0.98715335,0.98447543,0.9879766,0.9889657,1.0004587,0.9882972,0.9885996,0.9885952,0.9791928,0.98756367,0.98671263,0.9842154,39,0.9969454,0.98781383,1.0010641,0.9883079,0.98785955,0.98926437,0.9881757,0.98433346,0.98475355,0.9947418,0.98847127,0.9847075,0.9851922,0.98798704,0.98738486,0.984031,0.98910064,0.98513675,0.9860361,0.98839056,0.98107773,0.9815327,0.9844845,0.9884072,0.9834785,0.98417634,0.98917073,0.99404746,0.9883298,0.98108464,0.9863958,0.9836149,0.98599744,0.98898816,0.98492235,0.98467875,0.9848354,0.9808566,0.9843611,0.9885649,0.9852972,0.98537964,0.98509014,0.9883623,0.9862081,0.9884009,0.9864917,0.98593974,0.9887157,0.98762655,0.9919359,0.9849832,0.9873481,0.9887076,0.9878592,0.9906969,0.984389,0.98835224,0.9810794,0.9919095,0.9841844,0.9848079,0.9810981,0.9881535,0.98750365,0.98952514,1.0001991,0.9872694,1.0013112,0.9847514,0.987411,0.98621756,0.9863242,0.9895239,0.9882681,0.9898223,0.9884543,0.98887575,1.0005326,0.9855037
40,40,2022-04-15,0.9901257,0.9886418,0.98831743,0.9862706,0.9880285,0.98421067,0.9862094,0.9890338,0.9762263,0.98715335,0.98447543,0.9879766,0.9889657,0.99544066,0.99080753,0.99052685,0.99049485,0.9757688,0.98756367,0.98671263,0.9842154,40,0.9870799,0.98781383,0.996913,0.9958849,0.9939695,0.98926437,0.9881757,0.98433346,0.98475355,0.99487513,0.98847127,0.9847075,0.9851922,0.98798704,0.98738486,0.98418474,0.98910064,0.98513675,0.9860361,0.9891963,0.9762217,0.9843625,0.9844845,0.98998445,0.993109,0.98417634,0.98917073,0.98345315,0.9883585,0.9762114,0.9863958,0.99172103,0.98599744,0.98898816,0.98492235,0.98467875,0.9848354,0.9807905,0.9843611,0.9885649,0.9852972,0.98537964,0.98509014,0.9738254,0.9862081,0.9884009,0.9963384,0.98593974,0.9887157,0.98762655,0.99316895,0.9849832,0.9985192,0.9887076,0.99224585,0.9909058,0.984389,0.9891449,0.9762374,0.99319816,0.9843026,0.9848079,0.9762442,0.99716955,0.9915678,0.99081403,0.99246585,1.001517,0.9974918,0.9847514,1.0103484,0.98621756,0.9863242,0.9907618,0.9959184,0.9896212,0.98928314,0.9894369,0.9954282,0.9855037
41,41,2022-04-18,0.9884075,0.9886418,0.98846287,0.9862706,0.9880285,0.9833709,0.9862094,0.9890338,0.9789445,0.98715335,0.98447543,0.9879766,0.9889657,1.0032201,0.9882846,0.98868173,0.9886791,0.9783882,0.98756367,0.98671263,0.9842154,41,0.99558425,0.98781383,1.0014094,0.9883079,0.9880228,0.98926437,0.9881757,0.98433346,0.98475355,0.9947696,0.98847127,0.9847075,0.9851922,0.98798704,0.98738486,0.9847306,0.98910064,0.98513675,0.9860361,0.9885249,0.97890776,0.9843625,0.9844845,0.98842406,0.9851834,0.98417634,0.98917073,0.9925871,0.9885143,0.97891164,0.9863958,0.984108,0.98599744,0.98898816,0.98492235,0.98467875,0.9848354,0.9815182,0.9843611,0.9885649,0.9852972,0.98537964,0.98509014,0.99049056,0.9862081,0.9884009,0.9864917,0.98593974,0.9887157,0.98762655,0.9939907,0.9849832,0.9873481,0.9887076,0.9882893,0.9919808,0.984389,0.9884885,0.97892094,0.994013,0.9848949,0.9848079,0.97894096,0.9881535,0.98776984,0.9886137,0.98857427,0.9872694,1.0016749,0.9847514,0.987411,0.98621756,0.9863242,0.98861367,0.9882681,0.99079835,0.9885695,0.98925185,1.0032516,0.9855037
42,42,2022-04-20,0.99033654,0.9886418,0.9883378,0.9862706,0.9880285,0.9845815,0.9862094,0.9890338,0.98165673,0.98715335,0.98447543,0.9829787,0.9889657,0.9950526,0.8646621,0.99212587,0.992103,0.9795541,0.98756367,0.98671263,0.9842154,42,1.0012164,0.98781383,0.9975383,0.99529827,0.99296093,0.98926437,0.9881757,0.98433346,0.98475355,0.9949158,0.98847127,0.9847075,0.9851922,0.98798704,0.98738486,0.98746467,0.98910064,0.98513675,0.9860361,0.9884052,0.9816127,0.9843625,0.9844845,0.9902304,0.9927048,0.98417634,0.98917073,0.97274125,0.9884627,0.9816439,0.9863958,0.9927841,0.98599744,0.98898816,0.98492235,0.98467875,0.9848354,0.98046416,0.9843611,0.9885649,0.9852972,0.98537964,0.98509014,0.97262615,0.9862081,0.9884009,0.9978546,0.98593974,0.9887157,0.9828825,0.9929689,0.9849832,0.99589473,0.9887076,0.9928839,0.9908501,0.984389,0.9883683,0.9815979,0.9929983,0.9875681,0.9848079,0.9816255,0.9881535,0.99265724,0.99197745,0.9889981,0.9958285,0.99812245,0.9847514,0.96473926,0.98621756,0.9863242,0.9918959,0.99533445,0.9916583,0.98845273,0.9893172,0.99504256,0.9855037
43,43,2022-04-23,0.9887655,0.9886418,0.9883621,0.9862706,0.9880285,0.9840972,0.9862094,0.9890338,0.9771383,0.98715335,0.98447543,0.9879766,0.9889657,1.0031978,0.9881865,0.9881521,0.98818445,0.974556,0.98756367,0.98671263,0.9842154,43,0.99544936,0.98781383,1.0013734,0.9883079,0.9879807,0.98926437,0.9881757,0.98433346,0.98475355,0.9950188,0.98847127,0.9847075,0.9851922,0.98798704,0.98738486,1.0007669,0.98910064,0.98513675,0.9860361,0.9885635,0.9771306,0.9843625,0.9844845,0.98878276,0.9846968,0.98417634,0.98917073,0.9928966,0.9884202,0.97712386,0.9863958,0.98407245,0.98599744,0.98898816,0.99667567,0.98467875,0.9848354,0.97915673,0.9843611,0.9885649,0.9852972,0.98537964,0.98509014,0.98896855,0.9862081,0.9884009,0.9864917,0.98593974,0.9887157,0.98762655,0.99325645,0.9849832,0.9873481,0.9887076,0.9878193,0.99086154,0.984389,0.98852646,0.97714424,0.9932013,0.99512124,0.9848079,0.9771471,0.9881535,0.98769987,0.9884547,0.9885944,0.9872694,1.0015862,0.9847514,0.987411,0.98621756,0.9863242,0.98845357,0.9882681,0.9949204,0.9886105,0.98931456,1.003226,0.9855037
44,44,2022-04-25,0.99022675,0.9886418,0.988358,0.9862706,0.9880285,0.9833222,0.9862094,0.9890338,0.9825463,0.98715335,0.98447543,0.99390054,0.9889657,0.995368,0.98952335,0.99290884,0.9928872,0.9797693,0.98756367,0.98671263,0.9842154,44,0.99632096,0.98781383,1.0012951,0.9952823,0.9992287,0.98926437,0.9881757,0.98433346,0.98475355,0.9949251,0.98847127,0.9847075,0.9851922,0.98798704,0.98738486,0.9846259,0.98910064,0.98513675,0.9860361,0.98842025,0.98253244,0.9843625,0.9844845,0.9900996,0.9911282,0.98417634,0.98917073,0.97202766,0.98834836,0.98252887,0.9863958,0.9917456,0.98599744,0.98898816,0.98492235,0.98467875,0.9848354,0.9832713,0.9843611,0.9885649,0.9852972,0.98537964,0.98509014,0.9751653,0.9862081,0.9884009,0.99764544,0.98593974,0.9887157,0.9938468,0.99300015,0.9849832,0.9873481,0.9887076,0.99220663,0.990929,0.984389,0.98838204,0.982541,0.99293137,0.9847875,0.9848079,0.9825541,0.9881535,0.99107087,0.99013203,0.99272436,0.9872694,1.0015578,0.9847514,0.987411,0.98621756,0.9863242,0.99007577,0.9952866,0.9899289,0.98848295,0.98894995,0.99535996,0.9855037
45,45,2022-04-28,0.9888216,0.9886418,0.98819184,0.9862706,0.9880285,0.9828191,0.9862094,0.9890338,0.9724417,0.98715335,0.98447543,0.9879766,0.9889657,0.9977446,0.9877728,0.98843056,0.98842585,0.9659426,0.98756367,0.98671263,0.9842154,45,0.99709135,0.98781383,0.99119014,0.9883079,0.98803973,0.98926437,0.9881757,0.98433346,0.98475355,0.99471587,0.98847127,0.9847075,0.9851922,0.98798704,0.98738486,0.98457307,0.98910064,0.98513675,0.9860361,0.98871624,0.9724501,0.9843625,0.9844845,0.98883414,0.9834344,0.98417634,0.98917073,0.9932655,0.9884938,0.97240067,0.9863958,0.98410386,0.98599744,0.98898816,0.997036,0.98467875,0.9848354,0.97529453,0.9843611,0.9885649,0.9852972,0.98537964,0.98509014,0.9725107,0.9862081,0.9884009,0.9864917,0.98593974,0.9887157,0.98762655,0.9931096,0.9849832,0.9873481,0.9887076,0.9880509,0.9897361,0.984389,0.9886719,0.97248524,0.9930454,0.98476595,0.9848079,0.9724929,0.9881535,0.98757493,0.98953223,1.0018003,0.9872694,0.99174625,0.9847514,0.987411,0.98621756,0.9863242,0.9895309,0.9882681,0.99097246,0.9888152,0.9886424,0.99781954,0.9855037
46,46,2022-04-30,0.99065965,0.9886418,0.9883571,0.9862706,0.9880285,0.98332363,0.9862094,0.9890338,0.9840877,0.98715335,0.98447543,0.9879766,0.9889657,0.99554425,0.9928426,0.99260277,0.9925934,0.97925633,0.98756367,0.98671263,0.9842154,46,1.0015444,0.98781383,1.0007161,0.99560916,0.9922185,0.98926437,0.9881757,0.98433346,0.98475355,0.9947819,0.98847127,0.9847075,0.9851922,0.98798704,0.98738486,0.98468393,0.98910064,0.98513675,0.9860361,0.988484,0.9840514,0.9843625,0.9844845,0.9905461,0.991843,0.98417634,0.98917073,0.98232436,0.9883008,0.9840705,0.9863958,0.992887,0.98599744,0.98898816,0.98492235,0.98467875,0.9848354,0.9834724,0.9843611,0.9885649,0.9852972,0.98537964,0.98509014,0.9756174,0.9862081,0.9884009,0.9965979,0.98593974,0.9887157,0.98762655,0.99211043,0.9849832,0.9957439,0.9887076,0.9933995,0.99165004,0.984389,0.9884465,0.9840442,0.9921306,0.984839,0.9848079,0.98406816,0.99757755,0.99212724,0.9912981,0.98880506,1.0013282,1.000967,0.9847514,1.0083823,0.98621756,0.9863242,0.9912447,0.9956424,0.9904374,0.9885453,0.98843104,0.9955297,0.9855037
47,47,2022-05-03,0.98872614,0.9886418,0.9881394,0.9862706,0.9880285,0.983433,0.9862094,0.9890338,0.97363853,0.98715335,0.98447543,0.9879766,0.9889657,1.0030684,0.9882967,0.9881928,0.98818874,0.96707,0.98756367,0.98671263,0.9842154,47,0.99561155,0.98781383,0.9850968,0.9883079,0.98822266,0.98926437,0.9881757,0.98433346,0.98475355,0.9943896,0.98847127,0.9847075,0.9851922,0.98798704,0.98738486,0.9841003,0.98910064,0.98513675,0.9860361,0.98885477,0.97364223,0.9843625,0.9844845,0.9887081,0.9830209,0.98417634,0.98917073,0.99217826,0.98841846,0.9736264,0.9863958,0.98425066,0.98599744,0.98898816,0.98492235,0.98467875,0.9848354,0.97192746,0.9843611,0.9885649,0.9852972,0.98537964,0.98509014,0.97705376,0.9862081,0.9884009,0.9864917,0.98593974,0.9887157,0.98762655,0.99267375,0.9849832,0.9873481,0.9887076,0.9877316,0.9906916,0.984389,0.9888134,0.97365963,0.99269694,0.98428655,0.9848079,0.9736617,0.9881535,0.987574,0.9883719,0.98863703,0.9872694,0.9856568,0.9847514,0.987411,0.98621756,0.9863242,0.9883732,0.9882681,0.9907078,0.9889358,0.9883731,1.0031046,0.9855037
48,48,2022-05-05,0.9922349,0.9886418,0.9884385,0.9862706,0.9880285,0.9842446,0.9862094,0.9890338,0.9836281,0.98715335,0.98447543,0.9879766,0.9889657,0.9962798,0.99130857,0.99182504,0.9917836,0.98159117,0.98756367,0.98671263,0.9842154,48,0.99632096,0.98781383,1.000037,0.99592406,0.9918401,0.98926437,0.9881757,0.98433346,0.98475355,0.9929755,0.98847127,0.9847075,0.9851922,0.98798704,0.98738486,0.98493826,0.98910064,0.98513675,0.9860361,0.98857844,0.98358333,0.9843625,0.9844845,0.99209446,0.9922656,0.98417634,0.98917073,0.97119796,0.98827106,0.983602,0.9863958,0.99202025,0.98599744,0.98898816,0.98492235,0.98467875,0.9848354,0.98408175,0.9843611,0.9885649,0.9852972,0.98537964,0.98509014,0.97645855,0.9862081,0.9884009,0.9978574,0.98593974,0.9887157,0.98762655,0.99197066,0.9849832,0.9975583,0.9887076,0.9927555,0.99275047,0.984389,0.9885456,0.98360026,0.99190295,0.9850931,0.9848079,0.983623,0.9974633,0.99050885,0.9897355,0.99097264,1.0008668,1.0003009,0.9847514,1.010623,0.98621756,0.9863242,0.9897002,0.9959252,0.9909725,0.98863626,0.9884813,0.9962679,0.9855037
49,49,2022-05-08,0.9884583,0.9886418,0.98844093,0.9862706,0.9880285,0.98551375,0.9862094,0.9890338,0.9757438,0.98715335,0.98447543,0.9879766,0.9889657,1.002701,0.98821545,0.9884814,0.9884776,0.9752498,0.98756367,0.98671263,0.9842154,49,0.99585056,0.98781383,0.99647,0.9883079,1.0004723,0.98926437,0.9881757,0.98433346,0.98475355,0.9945176,0.98847127,0.9847075,0.9851922,0.98798704,0.98738486,0.9838704,0.98910064,0.98513675,0.9860361,0.9884226,0.9757378,0.9843625,0.9844845,0.9884211,0.9836209,0.98417634,0.98917073,0.99212295,0.98838794,0.97571516,0.9863958,0.98361415,0.98599744,0.98898816,0.98492235,0.98467875,0.9848354,0.9766239,0.9843611,0.9885649,0.9852972,0.98537964,0.98509014,0.9847601,0.9862081,0.9884009,0.9864917,0.98593974,0.9887157,0.98762655,0.9928774,0.9849832,0.9873481,0.9887076,0.9881251,0.99085265,0.984389,0.98838586,0.97576064,0.9929162,0.9840188,0.9848079,0.9757688,0.9881535,0.9877767,0.9884574,0.98871607,0.9872694,0.9970567,0.9847514,0.987411,0.98621756,0.9863242,0.98845786,0.9882681,0.9938514,0.98846996,0.9885891,1.0027634,0.9855037
50,50,2022-05-10,0.9907612,0.9886418,0.9885086,0.9862706,0.9880285,0.98342675,0.9862094,0.9890338,0.98412716,0.98715335,0.98447543,0.9830873,0.9889657,0.9966414,0.99141234,0.99094313,0.9909129,0.9799038,0.98756367,0.98671263,0.9842154,50,1.0012486,0.98781383,1.000999,0.8494238,0.9934502,0.98926437,0.9881757,0.98433346,0.98475355,0.99467665,0.98847127,0.9847075,0.9851922,0.98798704,0.98738486,0.9841053,0.98910064,0.98513675,0.9860361,0.9884081,0.9840818,0.9843625,0.9844845,0.99066097,0.99311835,0.98417634,0.98917073,0.9754406,0.9883609,0.98411965,0.9863958,0.99247485,0.98599744,0.98898816,0.98492235,0.98467875,0.9848354,0.9819695,0.9843611,0.9885649,0.9852972,0.98537964,0.98509014,0.9756244,0.9862081,0.9884009,0.9964395,0.98593974,0.9887157,0.9829284,0.9927316,0.9849832,0.9923932,0.9887076,0.9920673,0.9914863,0.984389,0.9883702,0.9840642,0.9926642,0.9842585,0.9848079,0.98408765,0.9881535,0.9922457,0.991757,0.9905061,0.99231666,1.0012486,0.9847514,0.96254116,0.98621756,0.9863242,0.9916829,0.9252375,0.99135286,0.98847044,0.9890379,0.99663377,0.9855037
51,51,2022-05-13,0.98802805,0.9886418,0.9884329,0.9862706,0.9880285,0.98323023,0.9862094,0.9890338,0.9797649,0.98715335,0.98447543,0.9879766,0.9889657,0.99313307,0.98835653,0.9885495,0.9885433,0.97772455,0.98756367,0.98671263,0.9842154,51,0.99659836,0.98781383,1.0016149,0.9883079,0.9882268,0.98926437,0.9881757,0.98433346,0.98475355,0.9947927,0.98847127,0.9847075,0.9851922,0.98798704,0.98738486,0.9851586,0.98910064,0.98513675,0.9860361,0.98850155,0.97972995,0.9843625,0.9844845,0.9880143,0.9836444,0.98417634,0.98917073,0.992423,0.98828083,0.97973627,0.9863958,0.9867844,0.98599744,0.98898816,0.98492235,0.98467875,0.9848354,0.9798093,0.9843611,0.9885649,0.99303883,0.9931695,0.98509014,0.970965,0.9862081,0.9884009,0.9864917,0.98593974,0.9887157,0.98762655,0.9927154,0.9849832,0.9873481,0.9887076,0.987829,0.8788549,0.984389,0.98846525,0.979726,0.9927449,0.985332,0.9846177,0.9797533,0.9881535,0.9877215,0.9894964,0.9884537,0.9872694,1.0018373,0.9847514,0.987411,0.98621756,0.9863242,0.9895325,0.9882681,0.99346185,0.9885462,0.98917264,0.9932095,0.9855037
52,52,2022-05-15,0.99123603,0.9886418,0.9884813,0.9862706,0.9880285,0.98296833,0.9862094,0.9890338,0.97970235,0.98715335,0.98447543,0.98444253,0.9889657,0.9953846,0.99125206,0.9933614,0.9933377,0.9794781,0.98756367,0.98671263,0.9842154,52,1.0011686,0.98781383,1.0016557,0.9955953,0.9939283,0.98926437,0.9881757,0.98433346,0.98475355,0.99494946,0.98847127,0.9847075,0.9851922,0.98798704,0.98738486,0.98573154,0.98910064,0.98513675,0.9860361,0.98856884,0.97967,0.9843625,0.9844845,0.99113387,0.99226004,0.98417634,0.98917073,0.97348094,0.9883398,0.97967327,0.9863958,0.99293506,0.98599744,0.98898816,0.98492235,0.98467875,0.9848354,0.980305,0.9843611,0.9885649,0.9852972,0.98537964,0.98509014,0.97590446,0.9862081,0.9884009,0.9973173,0.98593974,0.9887157,0.984339,0.9921619,0.9849832,0.99617875,0.9887076,0.9925488,0.9910645,0.984389,0.98853165,0.97967637,0.99209464,0.9858997,0.9848079,0.979701,0.9878957,0.99173605,0.9909275,0.98871964,0.9961157,1.0018773,0.9847514,0.95824754,0.98621756,0.9863242,0.9908785,0.9956295,0.99022365,0.98861617,0.98917913,0.9953814,0.9855037
53,53,2022-05-18,0.9888535,0.9886418,0.9885115,0.9862706,0.9880285,0.9834102,0.9862094,0.9890338,0.97882503,0.98715335,0.98447543,0.9879766,0.9889657,1.002723,0.98780066,0.9883028,0.9883007,0.9746543,0.98756367,0.98671263,0.9842154,53,0.99573934,0.98781383,1.0016557,0.9883079,0.99204016,0.98926437,0.9881757,0.98433346,0.98475355,0.994874,0.98847127,0.9847075,0.9851922,0.98798704,0.98738486,0.98712796,0.98910064,0.98513675,0.9860361,0.98825055,0.97880185,0.9943732,0.9844845,0.9888384,0.98336315,0.98417634,0.98917073,1.0016384,0.9884555,0.9788073,0.9863958,0.98425746,0.98599744,0.98898816,0.98492235,0.98467875,0.9848354,0.97920334,0.9843611,0.9885649,0.9852972,0.98537964,0.98509014,0.9717242,0.9862081,0.9884009,0.9864917,0.98593974,0.9887157,0.98762655,0.9935663,0.9849832,0.9873481,0.9887076,0.98802036,0.99134797,0.984389,0.9882132,0.97881305,0.9935912,0.98724604,0.9848079,0.9788233,0.9881535,0.9877263,0.98855704,0.98860806,0.9872694,1.0018773,0.9847514,0.987411,0.98621756,0.9863242,0.9885582,0.9882681,0.9945807,0.9882976,0.9892866,1.0027733,0.9855037
54,54,2022-05-20,0.9907736,0.9886418,0.9884928,0.9862706,0.9880285,0.98466456,0.9862094,0.9890338,0.98188704,0.98715335,0.98447543,0.9879766,0.9889657,0.99327946,0.991149,0.99141526,0.9913849,0.9795541,0.98756367,0.98671263,0.9842154,54,0.9994361,0.98781383,1.0013981,0.99562484,0.9878832,0.98926437,0.9881757,0.98433346,0.98475355,0.9949129,0.98847127,0.9847075,0.9851922,0.98798704,0.98738486,0.9870601,0.98910064,0.98513675,0.9860361,0.98844033,0.98185354,0.9843625,0.9844845,0.9906445,0.9920256,0.98417634,0.98917073,0.9847334,0.988475,0.98188347,0.9863958,0.99174017,0.98599744,0.98898816,0.98492235,0.98467875,0.9848354,0.9803161,0.9843611,0.9885649,0.9852972,0.98537964,0.98509014,0.9731292,0.9862081,0.9884009,0.9963168,0.98593974,0.9887157,0.98762655,0.99232274,0.9849832,0.9873481,0.9887076,0.9920611,0.9915206,0.984389,0.98840356,0.9818381,0.99232286,0.98718375,0.9848079,0.9818543,0.9881535,0.9910773,0.991638,0.99318206,0.9872694,1.0016525,0.9847514,0.987411,0.98621756,0.9863242,0.99157697,0.9956601,0.990432,0.9884877,0.98916644,0.9932774,0.9855037
55,55,2022-05-23,0.98838514,0.9886418,0.9882575,0.9862706,0.9880285,0.9826113,0.9862094,0.9890338,0.9763707,0.98715335,0.98447543,0.9879766,0.9889657,1.0024393,0.9882206,0.988352,0.9883782,0.9709941,0.98756367,0.98671263,0.9842154,55,0.9953694,0.98781383,0.9941135,0.9883079,1.0051911,0.98926437,0.9881757,0.98433346,0.98475355,0.9949339,0.98847127,0.9847075,0.9851922,0.98798704,0.98738486,0.98500764,0.98910064,0.98513675,0.9860361,0.9887914,0.9763703,0.9843625,0.9844845,0.988411,0.983179,0.98417634,0.98917073,0.99554604,0.9885098,0.9763541,0.9863958,0.9852244,0.98599744,0.98898816,0.98492235,0.98467875,0.9848354,0.97534066,0.9843611,0.9885649,0.99300987,0.99314165,0.98509014,0.98067176,0.9862081,0.9884009,0.9864917,0.98593974,0.9887157,0.98762655,0.99325234,0.9849832,0.9873481,0.9887076,0.9880409,0.8880607,0.984389,0.98875284,0.9763885,0.99317026,0.9851842,0.9821722,0.9763827,0.9881535,1.0001271,0.9890185,0.98855454,0.9872694,0.9945557,0.9847514,0.987411,0.98621756,0.9863242,0.98901576,0.9882681,0.9919657,0.98884225,0.9885886,1.0025,0.9855037
56,56,2022-05-25,0.990611,0.9886418,0.98838085,0.9862706,0.9880285,0.98472726,0.99199605,0.9890338,0.9761772,0.98715335,0.98447543,0.9879766,0.9889657,0.995027,0.99073726,0.83891994,0.8335357,0.97209585,0.98756367,0.98671263,0.9842154,56,1.0002018,0.98781383,0.9928055,0.99592084,0.9881209,0.98926437,0.9881757,0.98433346,0.98475355,0.9946907,0.98847127,0.9847075,0.9851922,0.98798704,0.98738486,0.9847446,0.98910064,0.98513675,0.9860361,0.98886895,0.9761815,0.9843625,0.9844845,0.99047536,0.991694,0.98417634,0.98917073,0.9725905,0.9884903,0.9761485,0.9918901,0.9921932,0.98599744,0.98898816,0.98492235,0.98467875,0.9848354,0.9780052,0.9843611,0.9885649,0.9852972,0.98537964,0.98509014,0.972038,0.9862081,0.9884009,0.9976711,0.98593974,0.9887157,0.98762655,0.8792271,0.9849832,0.9873481,0.9887076,0.993187,0.991742,0.984389,0.9888266,0.97621113,0.87897146,0.9849424,0.9848079,0.97621495,0.9881535,0.9905709,0.99021626,0.989706,0.9872694,0.9933856,0.9847514,0.987411,0.9919397,0.9863242,0.9901634,0.9959563,0.8898775,0.98893994,0.9963848,0.9950197,0.9920835
57,57,2022-05-28,0.9886804,0.9886418,0.9884848,0.9862706,0.9880285,0.9853382,0.9862094,0.9890338,0.9759679,0.98715335,0.98447543,0.9879766,0.9889657,1.002123,0.98781985,0.9883098,0.98834264,0.9758281,0.98756367,0.98671263,0.9842154,57,0.99572605,0.98781383,1.0013981,0.9883079,0.99236417,0.98926437,0.9881757,0.98433346,0.98475355,0.9949001,0.98847127,0.9847075,0.9851922,0.98798704,0.98738486,0.98728997,0.98910064,0.98513675,0.9860361,0.9881501,0.97595996,0.9843625,0.9844845,0.9886965,0.98511887,0.98417634,0.98917073,1.0010012,0.988483,0.9759386,0.9863958,0.98425436,0.98599744,0.98898816,0.98492235,0.98467875,0.9848354,0.97939473,0.9843611,0.9885649,0.9852972,0.98537964,0.98509014,0.98397166,0.9862081,0.9884009,0.9864917,0.98593974,0.9887157,0.98762655,0.9930738,0.9849832,0.9873481,0.9887076,0.9881731,0.99111694,0.984389,0.98811316,0.97597945,0.9930337,0.987418,0.9848079,0.9759906,0.9881535,0.98779255,0.98927265,0.9885949,0.9872694,1.0016525,0.9847514,0.987411,0.98621756,0.9863242,0.98927337,0.9882681,0.991452,0.988221,0.98927385,1.0021732,0.9855037
58,58,2022-05-30,0.99092054,0.9886418,0.9882954,0.9862706,0.9880285,0.98293334,0.9926425,0.9890338,0.97617483,0.98715335,0.98447543,1.0021656,0.9889657,0.9956576,0.99283904,0.9926923,0.992672,0.9712453,0.98756367,0.98671263,0.9842154,58,0.9995139,0.98781383,0.99009424,0.9957373,0.9879366,0.98926437,0.9881757,0.98433346,0.98475355,0.9943104,0.98847127,0.9847075,0.9851922,0.98798704,0.98738486,0.9852709,0.9936092,0.98513675,0.9860361,0.9887059,0.9761871,0.9843625,0.9844845,0.99079,0.99245703,0.98417634,0.98917073,0.98088133,0.9886128,0.9761759,0.9925273,0.99198365,0.98599744,0.98898816,0.98492235,0.98467875,0.9848354,0.9747284,0.9843611,0.9885649,0.9852972,0.98537964,0.98509014,0.9887671,0.9862081,0.9884009,0.9978124,0.98593974,0.9887157,0.99675035,0.8220575,0.9849832,0.9873481,0.9887076,0.99271,0.99034816,0.984389,0.98866415,0.97620314,0.9624382,0.98548895,0.9848079,0.97619766,0.9881535,0.9907018,0.99058014,0.98877835,0.9872694,0.9898016,0.9847514,0.987411,0.99256647,0.9863242,0.9904919,0.9957711,0.9895946,0.988776,0.9886646,0.99564826,0.9925424
59,59,2022-06-02,0.9881471,0.9953979,0.98850024,0.9862706,0.9880285,0.98369646,0.9862094,0.9890338,0.97483903,0.98715335,0.98447543,0.9879766,0.9889657,1.0032201,0.9882737,0.9883447,0.9883664,0.976453,0.98756367,0.98671263,0.9842154,59,0.99614555,0.9942713,0.9967742,0.99561834,0.98704475,0.98926437,0.9881757,0.98433346,0.98475355,0.99462736,0.98847127,0.9847075,0.9851922,0.98798704,0.98738486,0.9837565,0.98910064,0.98513675,0.9860361,0.98865926,0.97485024,0.9843625,0.9844845,0.98815393,0.98299056,0.98417634,0.98917073,0.9924543,0.988452,0.9748137,0.9863958,0.9857493,0.98599744,0.9957425,0.98492235,0.98467875,0.9848354,0.9779261,0.9843611,0.9885649,0.9852972,0.98537964,0.98509014,0.9847143,0.9862081,0.9884009,0.9864917,0.98593974,0.9887157,0.98762655,0.99254453,0.9849832,0.9873481,0.9887076,0.98804164,0.99113154,0.984389,0.9886216,0.9748787,0.9925728,0.9839155,0.9848079,0.974878,0.9881535,0.9874748,0.98924625,0.9885467,0.9872694,0.99735403,0.9847514,0.987411,0.98621756,0.9863242,0.9892441,0.99565554,0.99149215,0.9887078,0.98961043,1.0032516,0.9855037
60,60,2022-06-04,0.9911062,0.9886418,0.988396,0.9862706,0.9880285,0.98423094,0.9862094,0.9890338,0.98174125,0.98715335,0.98447543,0.9879766,0.9889657,0.99451065,0.99155104,0.8259084,0.8145261,0.9798978,0.98756367,0.98671263,0.9842154,60,0.999552,0.98781383,1.00139,0.9883079,0.99251807,0.98926437,0.9881757,0.98433346,0.98475355,0.9945495,0.98847127,0.9847075,0.9851922,0.98798704,0.98738486,0.9845656,0.98910064,0.98513675,0.9860361,0.98819816,0.9817116,0.9843625,0.9844845,0.9909943,0.9923756,0.98417634,0.98917073,0.97176105,0.9883926,0.9817206,0.9863958,0.9926731,0.98599744,0.98898816,0.98492235,0.98467875,0.9848354,0.98046607,0.9843611,0.9885649,0.9852972,0.98537964,0.98509014,0.98984736,0.9862081,0.9884009,0.997044,0.98593974,0.9887157,0.98762655,0.9933438,0.9849832,0.9873481,0.9887076,0.9927026,0.9910647,0.984389,0.98816377,0.9817136,0.993374,0.9847217,0.9848079,0.981733,0.9881535,0.99100447,0.9913382,0.9907186,0.9872694,1.0015945,0.9847514,0.987411,0.98621756,0.9863242,0.9912621,0.9882681,0.99036896,0.98826116,1.003732,0.99450064,0.9855037
61,61,2022-06-07,0.9887968,0.9886418,0.9882605,0.9862706,0.9880285,0.9843165,0.9862094,0.9890338,0.97536933,0.98715335,0.98447543,0.9879766,0.9889657,1.0028538,0.9882637,0.9885001,0.9884952,0.9777172,0.98756367,0.98671263,0.9842154,61,0.99628675,0.98781383,0.9956175,0.9234889,0.9918928,0.98926437,0.9881757,0.98433346,0.98475355,0.9946606,0.98847127,0.9847075,0.9851922,0.98798704,0.98738486,0.98712903,0.98910064,0.98513675,0.9860361,0.9884523,0.97536266,0.9843625,0.9844845,0.98880976,0.985874,0.98417634,0.98917073,0.99223566,0.9881409,0.9753404,0.9863958,0.9845513,0.98599744,0.98898816,0.98492235,0.98467875,0.9848354,0.9773265,0.9843611,0.9885649,0.9852972,0.98537964,0.98509014,0.975426,0.9862081,0.9884009,0.9864917,0.98593974,0.9887157,0.98762655,0.9930962,0.9849832,0.9873481,0.9887076,0.9882264,0.99059254,0.984389,0.98841584,0.9753847,0.9930056,0.98726726,0.9848079,0.975393,0.9881535,0.9876864,0.9892421,0.98848367,0.9872694,0.9961919,0.9847514,0.987411,0.98621756,0.9863242,0.98924404,0.91011894,0.9919327,0.9884994,0.98854536,1.0029061,0.9855037
62,62,2022-06-09,0.9906221,0.9886418,0.9883691,0.9862706,0.9880285,0.9837389,0.9862094,0.9890338,0.9835943,1.0059322,0.98447543,0.9879766,0.9889657,0.995777,0.99266136,0.99336636,0.99332994,0.97949386,0.98756367,0.98671263,0.9842154,62,1.0009239,0.98781383,1.0015147,0.9883079,0.99244285,0.98926437,0.9881757,0.98433346,0.98475355,0.9947393,0.98847127,0.9847075,0.9851922,0.98798704,0.98738486,0.9845512,0.98910064,0.98513675,0.9860361,0.98838544,0.9835787,0.9843625,0.9844845,0.9904943,0.99230295,0.98417634,0.98917073,0.977984,0.9883363,0.98360884,0.9863958,0.9921453,0.9998638,0.98898816,0.98492235,0.98467875,0.9848354,0.98245174,0.9843611,0.9885649,0.9852972,0.98537964,0.98509014,0.9716041,0.9862081,0.9884009,0.99731964,0.99994427,0.9887157,0.98762655,0.9934555,0.9849832,0.9873481,0.9887076,0.9919361,0.9914041,0.984389,0.9883491,0.98355746,0.9933785,0.98472166,0.9848079,0.98355806,0.9881535,0.99086136,0.9907027,0.9884827,0.9872694,1.001734,0.9847514,0.987411,0.98621756,0.9863242,0.9906145,0.9882681,0.9910106,0.9884299,0.98922575,0.995769,0.9855037
63,63,2022-06-12,0.9885067,0.9886418,0.9880172,0.9862706,0.9880285,0.9828914,0.9862094,0.9890338,0.981953,0.98715335,0.98447543,0.9879766,0.9889657,1.0029237,0.9882074,0.9881143,0.98814565,0.97847575,0.98756367,0.98671263,0.9842154,63,0.99571353,0.98781383,1.0012034,0.9959719,0.992101,0.98926437,0.9881757,0.98433346,0.98475355,0.9946311,0.98847127,0.9847075,0.9851922,0.98798704,0.98738486,0.9841276,0.98910064,0.98513675,0.9860361,0.98836356,0.98191994,0.9843625,0.9844845,0.98849934,0.98269004,0.98417634,0.98917073,0.9951356,0.98840684,0.981947,0.9863958,0.98629266,0.98599744,0.98898816,0.98492235,0.98467875,0.9848354,0.98119533,0.9843611,0.9885649,0.9852972,0.98537964,0.98509014,0.9733923,0.9862081,0.9884009,0.9864917,0.98593974,0.9887157,0.98762655,0.99271834,0.9849832,0.9873481,0.9887076,0.98805314,0.9913998,0.984389,0.9883251,0.9819055,0.9927462,0.984207,0.9848079,0.9819219,0.9881535,0.98758096,0.9889863,0.9885753,0.9872694,1.0014532,0.9847514,0.987411,0.98621756,0.9863242,0.9889869,0.99600375,0.9906452,0.9884272,0.98911583,1.0029744,0.9855037
64,64,2022-06-14,0.9903975,0.9886418,0.98840916,0.9862706,0.9880285,0.98445094,0.9862094,0.9890338,0.977159,0.98715335,0.98447543,0.9879766,0.9889657,0.9941621,0.99034786,0.83254755,0.82887834,0.9765789,0.98756367,0.98671263,0.9842154,64,1.0003783,0.98781383,0.9973666,0.9883079,0.992331,0.98926437,0.9881757,0.98433346,0.98475355,0.99489135,0.98847127,0.9847075,0.9851922,0.98798704,0.98738486,0.9842658,0.98910064,0.98513675,0.9860361,0.9887946,0.97715586,0.9843625,0.9844845,0.9902945,0.99155134,0.98417634,0.98917073,0.97332716,0.9884008,0.977144,0.9863958,0.99157095,0.98599744,0.98898816,0.98492235,0.98467875,0.9848354,0.9795581,0.9843611,0.9885649,0.9852972,0.98537964,0.98509014,0.9718824,0.9862081,0.9884009,0.9974305,0.98593974,0.9887157,0.98762655,0.99288446,0.9849832,0.9873481,0.9887076,0.9920192,0.99095446,0.984389,0.9887561,0.977173,0.99291015,0.9844344,0.9848079,0.97717685,0.9881535,0.9906236,0.99074864,0.99016917,0.9872694,0.9979331,0.9847514,0.987411,0.98621756,0.9863242,0.9906983,0.9882681,0.99002844,0.98884463,0.98937786,0.99413544,0.9855037
65,65,2022-06-17,0.98840165,0.9886418,0.9882749,0.9862706,0.9880285,0.98285985,0.9862094,0.9890338,0.98175377,0.98715335,0.98447543,0.9879766,0.9889657,1.000327,0.98819804,0.9884719,0.9885039,0.9790862,0.98756367,0.98671263,0.9842154,65,0.99520344,0.98781383,1.0014055,0.9961635,0.9932375,0.98926437,0.9881757,0.98433346,0.98475355,0.994655,0.98847127,0.9847075,0.9851922,0.98798704,0.98738486,0.9842099,0.98910064,0.98513675,0.9860361,0.9884659,0.9817225,0.9843625,0.9844845,0.98839074,0.9835173,0.98417634,0.98917073,1.000912,0.98842037,0.98175544,0.9863958,0.98423207,0.98599744,0.98898816,0.98492235,0.98467875,0.9848354,0.98126525,0.9843611,0.98849386,0.9852972,0.98537964,0.98509014,0.9729631,0.9862081,0.9884009,0.9864917,0.98593974,0.9887157,0.98762655,0.9926417,0.9849832,0.9873481,0.9887076,0.98808324,0.99133325,0.984389,0.98842984,0.9817065,0.9925661,0.9843797,0.9848079,0.9817208,0.9881535,0.98775333,0.98926944,0.98857796,0.9872694,1.0016596,0.9847514,0.987411,0.98621756,0.9863242,0.9892681,0.9961655,0.9899306,0.9885082,0.9890082,1.0003958,0.9855037
66,66,2022-06-19,0.9909866,0.9886418,0.98843366,0.9862706,0.9880285,0.9848643,0.9862094,0.9890338,0.979429,0.98715335,0.98447543,0.9879766,0.9889657,0.99443704,0.99209064,0.9919915,0.99198145,0.9754459,0.98756367,0.98671263,0.9842154,66,1.0010376,0.98781383,0.99723417,0.9883079,0.9918749,0.98926437,0.9881757,0.98433346,0.98475355,0.9949163,0.98847127,0.9847075,0.9851922,0.98798704,0.98738486,0.98438746,0.98910064,0.98513675,0.9860361,0.9889979,0.97940093,0.9843625,0.9844845,0.9908736,0.99271464,0.98417634,0.98917073,0.9745619,0.9882876,0.9793962,0.9863958,0.9916059,0.98599744,0.98898816,0.98492235,0.98467875,0.9848354,0.9797248,0.9843611,0.9885649,0.9852972,0.98537964,0.98509014,0.9719752,0.9862081,0.9884009,0.9972156,0.98593974,0.9887157,0.98762655,0.99279916,0.9849832,0.9873481,0.9887076,0.9923393,0.9917762,0.984389,0.9889599,0.9794097,0.992826,0.98456043,0.9848079,0.97943425,0.9881535,0.9900288,0.99025357,0.99076116,0.9872694,0.9978027,0.9847514,0.987411,0.98621756,0.9863242,0.99016523,0.9882681,0.99123967,0.9890484,0.9893158,0.9944369,0.9855037
67,67,2022-06-22,0.9885111,0.9886418,0.9883288,0.9862706,0.9880285,0.98332965,0.9862094,0.9890338,0.97511595,0.98715335,0.98447543,0.9879766,0.9889657,0.9867458,0.98827165,0.9885776,0.9886102,0.97151107,0.98756367,0.98671263,0.9842154,67,0.9969145,0.98781383,0.9973666,0.9961452,0.9926333,0.98926437,0.9881757,0.98433346,0.98475355,0.9948313,0.98847127,0.9847075,0.9851922,0.98798704,0.98738486,0.9839864,0.98910064,0.98513675,0.9860361,0.98893565,0.9751239,0.9843625,0.9844845,0.98849857,0.9845352,0.98417634,0.98917073,0.99320626,0.9883332,0.9751141,0.9863958,0.9858296,0.98599744,0.98898816,0.98492235,0.98467875,0.9848354,0.98047245,0.9843611,0.9885649,0.9852972,0.98537964,0.98509014,0.9717141,0.9862081,0.9884009,0.9864917,0.98593974,0.9887157,0.98762655,0.99296856,0.9849832,0.9873481,0.9887076,0.98813206,0.9901566,0.984389,0.98887664,0.97513825,0.99300015,0.98410326,0.9848079,0.9751348,0.9881535,0.98738486,0.9883069,0.9884891,0.9872694,0.9979331,0.9847514,0.987411,0.98621756,0.9863242,0.98830616,0.9961471,0.9915946,0.98904985,0.9893598,0.9867473,0.9855037
68,68,2022-06-24,0.9912757,0.9886418,0.9882202,0.9862706,0.9880285,0.9838141,0.9862094,0.9890338,0.9795203,0.98715335,0.98447543,0.9879766,0.9889657,0.99445105,0.9923173,0.82943714,0.81384814,0.97785664,0.98756367,0.98671263,0.9842154,68,0.99676615,0.98781383,1.0000528,0.9883079,0.99235904,0.98926437,0.9881757,0.98433346,0.98475355,0.99498963,0.98847127,0.9847075,0.9851922,0.98798704,0.98738486,0.9847784,0.98910064,0.98513675,0.9860361,0.9887473,0.9794899,0.9843625,0.9844845,0.991169,0.99259984,0.98417634,0.98917073,0.97559345,0.98838407,0.9795177,0.9863958,0.9927376,0.98599744,0.98898816,0.98492235,0.98467875,0.9848354,0.9790682,0.9843611,0.9885649,0.9852972,0.98537964,0.98509014,0.98009205,0.9862081,0.9884009,0.9972479,0.98593974,0.9887157,0.98762655,0.9930653,0.9849832,0.9873481,0.9887076,0.9928592,0.9912785,0.984389,0.9887092,0.9794791,0.9930107,0.98493713,0.9848079,0.9794952,0.9881535,0.9905686,0.9903479,0.9911085,0.9872694,1.0005893,0.9847514,0.987411,0.98621756,0.9863242,0.99026984,0.9882681,0.9925289,0.9887965,0.98924387,0.9944513,0.9855037
69,69,2022-06-27,0.988465,0.9886418,0.9882504,0.9862706,0.9880285,0.9838947,0.9862094,0.9890338,0.9765766,0.98715335,0.98447543,0.9879766,0.9889657,1.0002879,0.98764676,0.9882827,0.98827535,0.97544366,0.98756367,0.98671263,0.9842154,69,0.9952731,0.98781383,0.9892965,0.99560326,0.987902,0.98926437,0.9881757,0.98433346,0.98475355,0.9951126,0.98847127,0.9847075,0.9851922,0.98798704,0.98738486,0.9874399,0.98910064,0.98513675,0.9860361,0.9883886,0.9765672,0.9843625,0.9844845,0.98845637,0.9844476,0.98417634,0.98917073,0.99405277,0.98828244,0.97654736,0.9863958,0.9843716,0.98599744,0.98898816,0.98492235,0.98467875,0.9848354,0.976762,0.9843611,0.9885649,0.9852972,0.98537964,0.98509014,0.9722765,0.9862081,0.9884009,0.9864917,0.98593974,0.9887157,0.98762655,0.99363995,0.9849832,0.9873481,0.9887076,0.9881664,0.99175864,0.984389,0.9883516,0.9765895,0.99357,0.9875597,0.9848079,0.9765995,0.9881535,0.9875626,0.98844635,0.9886987,0.9872694,0.9898167,0.9847514,0.987411,0.98621756,0.9863242,0.9884454,0.9956322,0.9902962,0.98843575,0.9884513,1.0003537,0.9855037
70,70,2022-06-29,0.9910733,0.9886418,0.98840135,0.9862706,0.9880285,0.9832259,0.9862094,0.9890338,0.975546,0.98715335,0.98447543,0.9879766,0.9889657,0.9950528,0.99156916,0.99391973,0.99392134,0.9713692,0.98756367,0.98671263,0.9842154,70,1.00138,0.98781383,0.99720573,0.9883079,0.9925829,0.98926437,0.9881757,0.98433346,0.98475355,0.9948504,0.98847127,0.9847075,0.9851922,0.98798704,0.98738486,0.9843552,0.98910064,0.98513675,0.9860361,0.9886221,0.9755515,0.9843625,0.9844845,0.99095976,0.9915245,0.98417634,0.98917073,0.9880375,0.98836595,0.97553825,0.9863958,0.9926512,0.98599744,0.98898816,0.98492235,0.98467875,0.9848354,0.9791195,0.9843611,0.9885649,0.9852972,0.98537964,0.98509014,0.97310525,0.9862081,0.9884009,0.99767226,0.98593974,0.9887157,0.98762655,0.99285007,0.9849832,0.9873481,0.9887076,0.99253875,0.9910877,0.984389,0.9885771,0.9755642,0.9928802,0.98453707,0.9848079,0.9755601,0.9881535,0.99082375,0.99006283,0.99076235,0.9872694,0.9977644,0.9847514,0.987411,0.98621756,0.9863242,0.989982,0.9882681,0.9900132,0.9887178,0.9892556,0.99505454,0.9855037
71,71,2022-07-02,0.9889056,0.9886418,0.98835975,0.9862706,0.9880285,0.98455614,0.9862094,0.9890338,0.97654617,0.98715335,0.98447543,0.9879766,0.9889657,1.0002294,0.9881003,0.98863924,0.9886323,0.9741066,0.98756367,0.98671263,0.9842154,71,0.9964008,0.98781383,0.9975383,0.99541163,0.9922334,0.98926437,0.9881757,,0.98475355,0.99493736,0.98847127,0.9847075,0.9851922,0.98798704,0.98738486,0.9842732,0.98910064,0.98513675,0.9860361,0.988561,0.97654194,0.9843625,0.9844845,0.98890424,0.984621,0.98417634,0.98917073,0.99305636,0.98844653,0.9765234,0.9863958,0.9866514,0.98599744,0.98898816,0.98492235,0.98467875,0.9848354,0.97959864,0.9843611,0.9885649,0.9852972,0.98537964,0.98509014,,0.9862081,0.9884009,0.9864917,0.98593974,0.9887157,0.98762655,0.99323237,0.9849832,0.9873481,0.9887076,0.9881483,0.9906828,0.984389,0.98852307,0.97656137,0.99325323,0.9844358,0.9848079,0.97656995,0.9881535,0.98743725,0.9884423,0.9884167,0.9872694,0.99812245,0.9847514,0.987411,0.98621756,0.9863242,0.9884409,0.9954438,,0.98861,0.9893072,1.0002922,0.9855037
72,72,2022-07-04,0.99057466,,,,,,,0.9890338,,,,,0.9889657,0.995265,0.99156016,0.9918461,0.9918153,,,,,72,0.9973902,,,0.9883079,0.98790234,,,,,,0.98847127,,,,,,0.98910064,,,,,,,0.99046695,0.99079585,,0.98917073,0.9780568,,,,0.99097395,,,,,,,,0.9885649,,,,,,,0.9964663,,0.9887157,,,,,,0.99217486,,,,,,,,,,0.99171996,0.99080795,0.9914037,,,,,,,0.99074394,0.9882681,,,,0.99526024,
73,73,2022-07-07,0.9885329,,,,,,,,,,,,,1.0005032,0.9882056,0.9886173,0.988612,,,,,73,0.9949732,,,0.995403,0.9921471,,,,,,,,,,,,,,,,,,,0.9885232,0.9840388,,,0.9935767,,,,0.9848367,,,,,,,,,,,,,,,0.9864917,,,,,,,,1.0006933,,,,,,,,,,0.9875103,0.98883903,0.98859656,,,,,,,0.9888382,0.99539953,,,,1.0005718,
74,74,2022-07-09,0.99138,,,,,,,,,,,,,0.99429613,0.99262094,0.9916819,0.9916604,,,,,74,1.001306,,,0.9883079,0.98807526,,,,,,,,,,,,,,,,,,,0.99128497,0.9920292,,,0.98814374,,,,0.99188435,,,,,,,,,,,,,,,0.996899,,,,,,,,0.99210703,,,,,,,,,,0.9903672,0.9898165,0.98931277,,,,,,,0.98973405,0.9882681,,,,0.99427027,
75,75,2022-07-12,0.9882367,,,,,,,,,,,,,1.0011365,0.98806274,0.9880512,0.9880829,,,,,75,0.9202463,,,0.99587274,0.99306226,,,,,,,,,,,,,,,,,,,0.98824847,0.9831408,,,0.9932906,,,,0.9840607,,,,,,,,,,,,,,,0.9864917,,,,,,,,0.98811066,,,,,,,,,,0.9873983,0.98917454,0.98869324,,,,,,,0.9891699,0.9958713,,,,1.0012031,
76,76,2022-07-14,0.99113435,,,,,,,,,,,,,0.9945906,0.9916212,0.9926714,0.9926518,,,,,76,1.001266,,,0.9883079,0.9938327,,,,,,,,,,,,,,,,,,,0.9910236,0.99325997,,,0.9764406,,,,0.9928588,,,,,,,,,,,,,,,0.99734163,,,,,,,,0.9936739,,,,,,,,,,0.990758,0.9910697,0.9901728,,,,,,,0.9910102,0.9882681,,,,0.99458146,
77,77,2022-07-17,0.9882464,,,,,,,,,,,,,1.0024526,0.98808753,0.9882071,0.98819983,,,,,77,0.9910689,,,0.83541095,0.98821956,,,,,,,,,,,,,,,,,,,0.98827344,0.9850736,,,0.99253917,,,,0.985824,,,,,,,,,,,,,,,0.9864917,,,,,,,,0.98814845,,,,,,,,,,0.98758847,0.9889178,0.9884258,,,,,,,0.9889185,0.9239794,,,,1.0025116,
78,78,2022-07-19,0.990994,,,,,,,,,,,,,0.99455315,0.99217874,0.99133813,0.9913101,,,,,78,0.9955646,,,0.9883079,0.99345094,,,,,,,,,,,,,,,,,,,0.9908948,0.99171257,,,0.9883842,,,,0.9921352,,,,,,,,,,,,,,,0.99619895,,,,,,,,0.99211174,,,,,,,,,,0.98975974,0.99109805,0.9925662,,,,,,,0.9910416,0.9882681,,,,0.9945447,
79,79,2022-07-22,0.9882338,,,,,,,,,,,,,1.002954,0.98819256,0.9881779,0.9882092,,,,,79,1.000675,,,0.99567,0.99133325,,,,,,,,,,,,,,,,,,,0.9882328,0.9829144,,,0.9928717,,,,0.9840607,,,,,,,,,,,,,,,0.9864917,,,,,,,,0.9880437,,,,,,,,,,0.9876158,0.9888639,1.001348,,,,,,,0.98886395,0.9956887,,,,1.0030073,
80,80,2022-07-24,0.9902548,,,,,,,,,,,,,0.9941012,0.9913074,0.99243784,0.9924148,,,,,80,0.98499006,,,0.9883079,0.98811644,,,,,,,,,,,,,,,,,,,0.9901346,0.99274933,,,0.9738747,,,,0.9911166,,,,,,,,,,,,,,,0.99702716,,,,,,,,0.99271894,,,,,,,,,,0.9895575,0.9902314,0.9908761,,,,,,,0.99014384,0.9882681,,,,0.994091,
81,81,2022-07-27,0.9890062,,,,,,,,,,,,,1.002335,0.98801506,0.98832273,0.98831743,,,,,81,0.99644893,,,0.99555683,0.99265945,,,,,,,,,,,,,,,,,,,0.9889883,0.9842352,,,0.99314517,,,,0.98407245,,,,,,,,,,,,,,,0.9864917,,,,,,,,0.9880713,,,,,,,,,,0.9876066,0.98942447,0.9886956,,,,,,,0.98942524,0.9955941,,,,1.0023937,
82,82,2022-07-29,0.9904395,,,,,,,,,,,,,0.9959377,0.9915704,0.9912015,0.9911674,,,,,82,0.99998623,,,0.9883079,0.99136037,,,,,,,,,,,,,,,,,,,0.99034595,0.9919455,,,0.99053067,,,,0.9925225,,,,,,,,,,,,,,,0.99689984,,,,,,,,0.9922927,,,,,,,,,,0.990725,0.9915628,0.99073046,,,,,,,0.9915086,0.9882681,,,,0.9959331,
83,83,2022-08-01,0.9883549,,,,,,,,,,,,,1.0017395,0.98823315,0.98842496,0.9884558,,,,,83,0.99632096,,,0.9954236,0.98808366,,,,,,,,,,,,,,,,,,,0.98838013,0.98340034,,,0.99528986,,,,0.9847545,,,,,,,,,,,,,,,0.9864917,,,,,,,,0.98809016,,,,,,,,,,1.0002024,0.98924553,0.988653,,,,,,,0.9892414,0.9954608,,,,1.0018116,
84,84,2022-08-03,0.99022025,,,,,,,,,,,,,0.9954712,0.99222606,0.9912456,0.9912161,,,,,84,0.99560106,,,0.9883079,0.99209523,,,,,,,,,,,,,,,,,,,0.9901001,0.99177724,,,0.9726424,,,,0.9914089,,,,,,,,,,,,,,,0.9972632,,,,,,,,0.99313223,,,,,,,,,,0.9916251,0.99210286,0.9905636,,,,,,,0.9920249,0.9882681,,,,0.995464,
85,85,2022-08-06,0.9882411,,,,,,,,,,,,,1.0024996,0.9880065,0.9883435,0.98833823,,,,,85,1.000973,,,0.85162824,0.99268943,,,,,,,,,,,,,,,,,,,0.9882575,0.9846049,,,0.9927625,,,,0.98742014,,,,,,,,,,,,,,,0.9864917,,,,,,,,0.98803544,,,,,,,,,,0.9875853,0.9892855,0.98865026,,,,,,,0.98932034,0.92272055,,,,1.002552,
86,86,2022-08-08,0.9904663,,,,,,,,,,,,,0.9949586,0.99141866,0.99103534,0.9910117,,,,,86,0.99580115,,,0.9883079,0.98808104,,,,,,,,,,,,,,,,,,,0.9903359,0.99118704,,,0.9890612,,,,0.9921639,,,,,,,,,,,,,,,0.99717087,,,,,,,,0.99380755,,,,,,,,,,0.9949497,0.99220663,0.98931724,,,,,,,0.9921322,0.9882681,,,,0.99495125,
87,87,2022-08-11,0.9883974,,,,,,,,,,,,,1.0026557,0.9880646,0.988371,0.98836535,,,,,87,0.9671762,,,0.9957619,0.9927425,,,,,,,,,,,,,,,,,,,0.98841506,0.9841222,,,0.9928563,,,,0.9950403,,,,,,,,,,,,,,,0.9864917,,,,,,,,0.9880112,,,,,,,,,,0.9995532,0.98928565,0.98844033,,,,,,,0.98931885,0.99576247,,,,1.0027068,
88,88,2022-08-13,0.9917527,,,,,,,,,,,,,0.9958288,0.99120736,0.99239755,0.99239546,,,,,88,0.99549305,,,0.9883079,0.9878936,,,,,,,,,,,,,,,,,,,0.99165756,0.991065,,,0.9752371,,,,0.99181926,,,,,,,,,,,,,,,0.9974446,,,,,,,,0.99294466,,,,,,,,,,0.9898631,0.99119705,0.8268424,,,,,,,0.9911155,0.9882681,,,,0.9958224,
89,89,2022-08-16,0.98826265,,,,,,,,,,,,,1.0030683,0.9882375,0.9883539,0.9883596,,,,,89,1.0015857,,,0.92578727,0.9921698,,,,,,,,,,,,,,,,,,,0.9882631,0.9833511,,,0.9930382,,,,0.9846437,,,,,,,,,,,,,,,0.9864917,,,,,,,,0.9882076,,,,,,,,,,0.9877062,0.9889385,0.9886262,,,,,,,0.9889382,0.9060909,,,,1.0031039,
90,90,2022-08-18,0.9906913,,,,,,,,,,,,,0.99388736,0.99075454,0.9923912,0.99238044,,,,,90,0.99552035,,,0.9883079,0.9878247,,,,,,,,,,,,,,,,,,,0.9905962,0.99283266,,,0.9725958,,,,0.9924857,,,,,,,,,,,,,,,0.9963406,,,,,,,,0.9922862,,,,,,,,,,0.99109083,0.9908618,0.9899229,,,,,,,0.99080527,0.9882681,,,,0.99388236,
91,91,2022-08-21,0.9885664,,,,,,,,,,,,,1.0013239,0.9882239,0.98817605,0.9881917,,,,,91,1.0015857,,,0.9962451,0.9928355,,,,,,,,,,,,,,,,,,,0.9885298,0.98284453,,,0.9962161,,,,0.9845679,,,,,,,,,,,,,,,0.9864917,,,,,,,,0.9880535,,,,,,,,,,0.9875628,0.988632,0.98841214,,,,,,,0.9886317,0.9962462,,,,1.001399,
92,92,2022-08-23,0.9911203,,,,,,,,,,,,,0.9958581,0.99156517,0.9924195,0.99239933,,,,,92,0.99545115,,,0.9883079,0.98789495,,,,,,,,,,,,,,,,,,,0.99098253,0.9930121,,,0.9757027,,,,0.9929607,,,,,,,,,,,,,,,0.9970343,,,,,,,,0.9928617,,,,,,,,,,0.9903877,0.9906748,0.9907356,,,,,,,0.9906291,0.9882681,,,,0.995845,
93,93,2022-08-26,0.9883281,,,,,,,,,,,,,0.99313307,0.98846626,0.98836267,0.9883572,,,,,93,1.0012381,,,0.99516714,0.9934956,,,,,,,,,,,,,,,,,,,0.9883292,0.98331,,,1.0011253,,,,0.9847104,,,,,,,,,,,,,,,0.9864917,,,,,,,,0.988177,,,,,,,,,,0.9876275,0.9884179,0.9882883,,,,,,,0.98841846,0.995198,,,,0.9932095,
94,94,2022-08-28,0.9905447,,,,,,,,,,,,,0.9947246,0.9912203,0.9904459,0.99041533,,,,,94,0.9692071,,,0.9883079,0.9880351,,,,,,,,,,,,,,,,,,,0.9904149,0.9912963,,,0.9762296,,,,0.99319315,,,,,,,,,,,,,,,0.996769,,,,,,,,0.9933152,,,,,,,,,,0.99082565,0.99023074,0.9896287,,,,,,,0.9901465,0.9882681,,,,0.99471945,
95,95,2022-08-31,0.98870206,,,,,,,,,,,,,1.0009592,0.98815703,0.9881482,0.9881433,,,,,95,0.9961645,,,0.994634,0.9934132,,,,,,,,,,,,,,,,,,,0.98868525,0.98346305,,,0.99438816,,,,0.984098,,,,,,,,,,,,,,,0.9864917,,,,,,,,0.9877488,,,,,,,,,,0.9875052,0.9883585,0.98874897,,,,,,,0.9883598,0.9946728,,,,1.0010265,
96,96,2022-09-02,0.9908464,,,,,,,,,,,,,0.9957704,0.98963356,0.9919317,0.99191105,,,,,96,0.9926808,,,0.9883079,0.98803,,,,,,,,,,,,,,,,,,,0.9907368,0.99148506,,,0.97652715,,,,0.9926724,,,,,,,,,,,,,,,0.9971349,,,,,,,,0.9925863,,,,,,,,,,0.99094063,0.99092895,0.99275637,,,,,,,0.9908737,0.9882681,,,,0.9957587,
97,97,2022-09-05,0.9884499,,,,,,,,,,,,,1.0016658,0.9882274,0.98844105,0.9884368,,,,,97,1.0012381,,,0.9955847,0.99212193,,,,,,,,,,,,,,,,,,,0.9884408,0.9842711,,,0.9936263,,,,0.9849696,,,,,,,,,,,,,,,0.9864917,,,,,,,,0.9881609,,,,,,,,,,0.9874486,0.98847,0.9886193,,,,,,,0.9884692,0.9956144,,,,1.0017387,
98,98,2022-09-07,0.99126947,,,,,,,,,,,,,0.9938817,0.991419,0.9917149,0.9916882,,,,,98,0.99009687,,,0.9883079,0.988074,,,,,,,,,,,,,,,,,,,0.99115753,0.99249625,,,0.98459184,,,,0.99202186,,,,,,,,,,,,,,,0.9974591,,,,,,,,0.99157876,,,,,,,,,,0.9939193,0.99141186,0.99023145,,,,,,,0.9913541,0.9882681,,,,0.99385935,
99,99,2022-09-10,0.9882574,,,,,,,,,,,,,1.0011435,0.9880355,0.9884026,0.988434,,,,,99,0.99662924,,,0.99572134,0.9929302,,,,,,,,,,,,,,,,,,,0.9882743,0.9855348,,,0.99313307,,,,0.9838979,,,,,,,,,,,,,,,0.9864917,,,,,,,,1.0002363,,,,,,,,,,0.9876859,0.98857844,0.98884124,,,,,,,0.9885784,0.9957564,,,,1.0012109,
100,100,2022-09-12,0.990205,,,,,,,,,,,,,0.99511373,0.99191374,0.99312127,0.9931062,,,,,100,0.9960848,,,0.9883079,0.9972961,,,,,,,,,,,,,,,,,,,0.99009186,0.99235356,,,0.9756986,,,,0.99262273,,,,,,,,,,,,,,,0.99712694,,,,,,,,0.99360585,,,,,,,,,,0.9913016,0.99060005,0.99039346,,,,,,,0.99052495,0.9882681,,,,0.9951035,
101,101,2022-09-15,0.98825914,,,,,,,,,,,,,1.0024322,0.9877973,0.98851687,0.9885092,,,,,101,1.0013247,,,0.85386616,0.9922822,,,,,,,,,,,,,,,,,,,0.98825186,0.98345613,,,0.9921893,,,,0.98412883,,,,,,,,,,,,,,,0.9864917,,,,,,,,0.988114,,,,,,,,,,0.9878094,0.98902583,0.9887595,,,,,,,0.98902553,0.9230306,,,,1.0024834,
102,102,2022-09-17,0.9904458,,,,,,,,,,,,,0.995115,0.990919,0.99136853,0.9913448,,,,,102,0.9954692,,,0.9883079,0.9877933,,,,,,,,,,,,,,,,,,,0.9903162,0.9912156,,,0.9708572,,,,0.9916621,,,,,,,,,,,,,,,0.997234,,,,,,,,0.9927396,,,,,,,,,,0.85077065,0.9894607,0.98970383,,,,,,,0.9894012,0.9882681,,,,0.99511373,
103,103,2022-09-20,0.988331,,,,,,,,,,,,,1.002395,0.9881482,0.9883914,0.9884241,,,,,103,1.001446,,,0.9954994,0.993026,,,,,,,,,,,,,,,,,,,0.988356,0.983216,,,0.99262106,,,,0.9851648,,,,,,,,,,,,,,,0.9864917,,,,,,,,0.9880673,,,,,,,,,,0.9875678,0.98916465,0.9884637,,,,,,,0.9891625,0.9955355,,,,1.0024488,
104,104,2022-09-22,0.99044853,,,,,,,,,,,,,0.9950526,0.9932082,0.99200886,0.9919896,,,,,104,0.99594855,,,0.9883079,0.99350625,,,,,,,,,,,,,,,,,,,0.99036455,0.9913598,,,0.97598267,,,,0.99204504,,,,,,,,,,,,,,,0.99712914,,,,,,,,0.9932842,,,,,,,,,,0.9901842,0.9907188,0.98940516,,,,,,,0.99065644,0.9882681,,,,0.99504256,
105,105,2022-09-25,0.98840255,,,,,,,,,,,,,1.002954,0.98820513,0.9884847,0.9884796,,,,,105,1.0011759,,,0.8377661,0.9880222,,,,,,,,,,,,,,,,,,,0.9884197,0.98295385,,,0.99323076,,,,0.9857379,,,,,,,,,,,,,,,0.9864917,,,,,,,,0.9880198,,,,,,,,,,0.98761225,0.9891678,0.98829347,,,,,,,0.98916733,0.9245058,,,,1.0030073,
106,106,2022-09-27,0.99065185,,,,,,,,,,,,,0.9956219,0.99241865,0.99391055,0.99387866,,,,,106,0.99531543,,,0.9883079,0.9932165,,,,,,,,,,,,,,,,,,,0.9905408,0.99158335,,,0.9716234,,,,0.99250335,,,,,,,,,,,,,,,0.99752474,,,,,,,,0.99261475,,,,,,,,,,0.86267555,0.9921031,0.99195635,,,,,,,0.9920279,0.9882681,,,,0.9956166,
107,107,2022-09-30,0.98808455,,,,,,,,,,,,,1.0029233,0.98828757,0.9884729,0.9885037,,,,,107,0.9972157,,,0.9955772,0.99305344,,,,,,,,,,,,,,,,,,,0.9881018,0.9833962,,,0.99248904,,,,0.9871219,,,,,,,,,,,,,,,0.9864917,,,,,,,,0.9880132,,,,,,,,,,0.98756576,0.9892554,0.9885667,,,,,,,0.98928934,0.99561167,,,,1.0029478,
108,108,2022-10-02,0.990567,,,,,,,,,,,,,0.9945287,0.99150556,0.9938393,0.9938044,,,,,108,0.99526846,,,0.9883079,0.99287117,,,,,,,,,,,,,,,,,,,0.9904304,0.99153244,,,0.9731973,,,,0.9916248,,,,,,,,,,,,,,,0.99717575,,,,,,,,0.9918955,,,,,,,,,,0.9903592,0.9911818,0.9918929,,,,,,,0.9911186,0.9882681,,,,0.99452037,
109,109,2022-10-05,0.9882759,,,,,,,,,,,,,1.0026083,0.9878525,0.988498,0.9884928,,,,,109,1.0013771,,,0.9958794,0.98805225,,,,,,,,,,,,,,,,,,,0.9882924,0.98469156,,,0.9933331,,,,0.9870503,,,,,,,,,,,,,,,0.9864917,,,,,,,,0.9880101,,,,,,,,,,0.98765403,0.98915386,0.9887669,,,,,,,0.98915464,0.9959144,,,,1.0026598,
110,110,2022-10-07,0.9909575,,,,,,,,,,,,,0.9944203,0.9911783,0.99178255,0.99176204,,,,,110,0.9973257,,,0.9883079,0.99246925,,,,,,,,,,,,,,,,,,,0.9908579,0.9930352,,,0.98068476,,,,0.992188,,,,,,,,,,,,,,,0.99628496,,,,,,,,0.9926447,,,,,,,,,,0.9919392,0.9910033,0.9887571,,,,,,,0.9909509,0.9882681,,,,0.9944108,
111,111,2022-10-10,0.988622,,,,,,,,,,,,,1.0034373,0.9882671,0.9882442,0.98825777,,,,,111,0.9970851,,,0.99634933,0.99268174,,,,,,,,,,,,,,,,,,,0.9886364,0.98263663,,,0.99536294,,,,0.9850115,,,,,,,,,,,,,,,0.9864917,,,,,,,,0.98806256,,,,,,,,,,0.9876717,0.98857826,0.9887551,,,,,,,0.9885777,0.9963774,,,,1.0034646,
112,112,2022-10-12,0.9910692,,,,,,,,,,,,,0.99526453,0.99243593,0.9923664,0.99234736,,,,,112,0.99626243,,,0.9883079,0.98782533,,,,,,,,,,,,,,,,,,,0.9909541,0.99206525,,,0.9719449,,,,0.9925522,,,,,,,,,,,,,,,0.9976112,,,,,,,,0.9918127,,,,,,,,,,0.8916816,0.9921125,0.9898448,,,,,,,0.99203396,0.9882681,,,,0.9952564,
113,113,2022-10-15,0.98871267,,,,,,,,,,,,,1.003339,0.98838854,0.9883905,0.9883841,,,,,113,0.9960404,,,0.99558693,0.9881484,,,,,,,,,,,,,,,,,,,0.98869485,0.98475176,,,0.9917021,,,,0.9847355,,,,,,,,,,,,,,,0.9864917,,,,,,,,0.98804355,,,,,,,,,,0.9877167,0.993494,0.98859066,,,,,,,0.9963553,0.99562806,,,,1.0033655,
114,114,2022-10-17,0.99051654,,,,,,,,,,,,,0.9952663,0.9921441,0.99102056,0.9909944,,,,,114,0.9972157,,,0.9883079,0.9930445,,,,,,,,,,,,,,,,,,,0.99038935,0.9929708,,,0.98407686,,,,0.9922845,,,,,,,,,,,,,,,0.99721813,,,,,,,,0.9924652,,,,,,,,,,0.99140954,0.9910988,0.9910236,,,,,,,0.9910209,0.9882681,,,,0.99525714,
115,115,2022-10-20,0.9880192,,,,,,,,,,,,,0.99457556,0.98827547,0.98848903,0.98848456,,,,,115,0.99989223,,,0.9955562,0.98802966,,,,,,,,,,,,,,,,,,,0.98801214,0.9853642,,,0.99263984,,,,0.9872843,,,,,,,,,,,,,,,0.9864917,,,,,,,,0.98802924,,,,,,,,,,0.99970883,0.9892417,0.9884697,,,,,,,0.9892758,0.99559855,,,,0.99465215,
116,116,2022-10-22,0.9909546,,,,,,,,,,,,,0.9947281,0.9916692,0.99169934,0.991686,,,,,116,0.98918265,,,0.9883079,0.993526,,,,,,,,,,,,,,,,,,,0.99082613,0.99083596,,,0.9887175,,,,0.9929718,,,,,,,,,,,,,,,0.9966612,,,,,,,,0.992842,,,,,,,,,,0.9895085,0.9908028,0.9925199,,,,,,,0.99074525,0.9882681,,,,0.9947205,
117,117,2022-10-25,0.9885527,,,,,,,,,,,,,1.0024322,0.9877822,0.988298,0.9882955,,,,,117,0.9955862,,,0.98273325,0.9880393,,,,,,,,,,,,,,,,,,,0.9885347,0.9829239,,,0.9920042,,,,0.9852637,,,,,,,,,,,,,,,0.9864917,,,,,,,,0.988158,,,,,,,,,,0.9876411,0.9886507,0.9886685,,,,,,,0.9886519,0.98278034,,,,1.0024834,
118,118,2022-10-27,0.991035,,,,,,,,,,,,,0.995803,0.9894868,0.9909126,0.9908869,,,,,118,0.99704605,,,0.9883079,0.9921266,,,,,,,,,,,,,,,,,,,0.9909346,0.9927434,,,0.98467094,,,,0.9926786,,,,,,,,,,,,,,,0.99764025,,,,,,,,0.99279326,,,,,,,,,,0.9914485,0.9908977,0.99180007,,,,,,,0.9908431,0.9882681,,,,0.99579304,
119,119,2022-10-30,0.98849064,,,,,,,,,,,,,1.002701,0.98817724,0.9884597,0.98849213,,,,,119,0.995705,,,0.99564946,0.9882623,,,,,,,,,,,,,,,,,,,0.98850834,0.9837235,,,0.9932165,,,,0.98377657,,,,,,,,,,,,,,,0.9864917,,,,,,,,0.9878563,,,,,,,,,,0.9875867,0.9895988,0.98855376,,,,,,,0.98959786,0.99567676,,,,1.0027634,
120,120,2022-11-01,0.9905361,,,,,,,,,,,,,0.96589845,0.9920113,0.99243736,0.9924132,,,,,120,0.9973902,,,0.9883079,0.993568,,,,,,,,,,,,,,,,,,,0.9904244,0.99121875,,,0.9898581,,,,0.99332786,,,,,,,,,,,,,,,0.9964198,,,,,,,,0.99276054,,,,,,,,,,0.9903,0.98994625,0.9925774,,,,,,,0.98989385,0.9882681,,,,0.9658437,
121,121,2022-11-04,0.98806614,,,,,,,,,,,,,1.0020646,0.98838884,0.9883982,0.98839474,,,,,121,,,,0.995134,0.987855,,,,,,,,,,,,,,,,,,,0.98805195,0.9842575,,,0.9930059,,,,0.9845823,,,,,,,,,,,,,,,0.9864917,,,,,,,,1.0005608,,,,,,,,,,0.99993736,1.0036752,0.9885775,,,,,,,1.0037146,0.99517417,,,,1.002136,
122,122,2022-11-06,0.99079585,,,,,,,,,,,,,0.99492174,0.9921563,0.9933956,0.99338603,,,,,122,,,,0.9883079,0.992806,,,,,,,,,,,,,,,,,,,0.9906934,0.9920632,,,0.9755696,,,,0.99278927,,,,,,,,,,,,,,,0.99705225,,,,,,,,0.9905021,,,,,,,,,,0.99188316,0.99218535,0.99175787,,,,,,,0.9921081,0.9882681,,,,0.9949137,
123,123,2022-11-09,0.988288,,,,,,,,,,,,,1.0025865,0.98813343,0.9882227,0.9882551,,,,,123,,,,0.9955384,,,,,,,,,,,,,,,,,,,,0.9883053,0.98434037,,,0.99410987,,,,0.9871232,,,,,,,,,,,,,,,0.9864917,,,,,,,,0.9882567,,,,,,,,,,0.9876842,0.98853475,0.9884219,,,,,,,0.98853457,0.9955755,,,,1.0026388,
124,124,2022-11-11,0.99085265,,,,,,,,,,,,,0.99413645,0.9918006,0.9883742,0.98836845,,,,,124,,,,0.9883079,,,,,,,,,,,,,,,,,,,,0.9907473,0.9837678,,,0.99434173,,,,0.99233603,,,,,,,,,,,,,,,0.99610615,,,,,,,,0.99720657,,,,,,,,,,1.0000584,0.98921317,0.9903855,,,,,,,0.98921436,0.9882681,,,,0.9941265,
125,125,2022-11-14,0.98821497,,,,,,,,,,,,,1.0025598,0.98788065,0.9936709,0.99365294,,,,,125,,,,0.99590415,,,,,,,,,,,,,,,,,,,,0.98824,0.991665,,,0.971495,,,,0.9845594,,,,,,,,,,,,,,,0.9864917,,,,,,,,0.99213994,,,,,,,,,,0.9909471,0.9921035,0.9886818,,,,,,,0.9920182,0.99593836,,,,1.0026126,
126,126,2022-11-16,0.99097985,,,,,,,,,,,,,0.99508303,0.9901499,0.9879746,0.9880077,,,,,126,,,,0.9883079,,,,,,,,,,,,,,,,,,,,0.9908719,0.98287904,,,0.99613035,,,,0.9930463,,,,,,,,,,,,,,,0.9959481,,,,,,,,0.9881234,,,,,,,,,,0.98756194,0.98910403,0.9906369,,,,,,,0.9891036,0.9882681,,,,0.9950751,
127,127,2022-11-19,0.9882061,,,,,,,,,,,,,1.0030317,0.98823684,0.9934939,0.9934684,,,,,127,,,,0.99598,,,,,,,,,,,,,,,,,,,,0.9882052,0.9924706,,,0.97344995,,,,0.9840182,,,,,,,,,,,,,,,0.9864917,,,,,,,,0.9921725,,,,,,,,,,0.99059904,0.9916751,0.988516,,,,,,,0.99160004,0.99601245,,,,1.003084,
128,128,2022-11-21,0.9902019,,,,,,,,,,,,,0.99479896,0.9912642,0.9884134,0.98840815,,,,,128,,,,0.9883079,,,,,,,,,,,,,,,,,,,,0.9900733,0.98447615,,,0.9923519,,,,0.9917732,,,,,,,,,,,,,,,0.9973914,,,,,,,,0.9880491,,,,,,,,,,0.9875619,0.9893456,0.9899794,,,,,,,0.9893739,0.9882681,,,,0.99478936,
129,129,2022-11-24,0.9886256,,,,,,,,,,,,,1.0026124,0.9881655,0.9913204,0.99128586,,,,,129,,,,0.9958111,,,,,,,,,,,,,,,,,,,,0.98864156,0.9921693,,,0.9719352,,,,0.98427814,,,,,,,,,,,,,,,0.9864917,,,,,,,,0.9916771,,,,,,,,,,0.9899693,0.9918081,0.9886089,,,,,,,0.99175036,0.99584925,,,,1.0026718,
130,130,2022-11-26,0.99186265,,,,,,,,,,,,,0.9954188,0.99176073,0.988237,0.9882676,,,,,130,,,,0.9883079,,,,,,,,,,,,,,,,,,,,0.9917563,0.9828899,,,0.9952204,,,,0.99194396,,,,,,,,,,,,,,,0.9959487,,,,,,,,0.9880676,,,,,,,,,,0.98776054,0.9889961,0.993364,,,,,,,0.9889965,0.9882681,,,,0.9954075,
131,131,2022-11-29,0.988294,,,,,,,,,,,,,1.002701,0.98826426,0.9913474,0.99132496,,,,,131,,,,0.99579453,,,,,,,,,,,,,,,,,,,,0.9883219,0.99223197,,,0.9729692,,,,0.98423433,,,,,,,,,,,,,,,0.9864917,,,,,,,,0.9932568,,,,,,,,,,0.9898691,0.98997897,0.9885173,,,,,,,0.9899285,0.9958261,,,,1.0027634,
132,132,2022-12-01,0.9903225,,,,,,,,,,,,,0.9954072,0.9913394,0.98843765,0.9884331,,,,,132,,,,0.9883079,,,,,,,,,,,,,,,,,,,,0.9901998,0.98488736,,,0.9923104,,,,0.99184674,,,,,,,,,,,,,,,0.997481,,,,,,,,0.9881062,,,,,,,,,,0.9877738,0.9892834,0.98909104,,,,,,,0.98931926,0.9882681,,,,0.9953989,
133,133,2022-12-04,0.9888307,,,,,,,,,,,,,0.9951215,0.98803645,0.9938066,0.99378926,,,,,133,,,,0.9952983,,,,,,,,,,,,,,,,,,,,0.98884386,0.99240303,,,0.9719673,,,,0.98439384,,,,,,,,,,,,,,,0.9864917,,,,,,,,0.9921226,,,,,,,,,,0.9911755,0.99192953,0.98836684,,,,,,,0.99184495,0.99533504,,,,0.99515665,
134,134,2022-12-09,0.9887383,,,,,,,,,,,,,0.99574953,0.9933329,0.9915605,0.99153876,,,,,134,,,,0.9883079,,,,,,,,,,,,,,,,,,,,0.9886966,0.9929555,,,0.9716093,,,,0.9838748,,,,,,,,,,,,,,,0.9864917,,,,,,,,0.99256414,,,,,,,,,,0.99156076,0.9913021,0.98992324,,,,,,,0.9912169,0.9882681,,,,0.99573624,
135,135,2022-12-11,0.9902854,,,,,,,,,,,,,1.0032201,0.9883181,0.988333,0.9883277,,,,,135,,,,0.99561965,,,,,,,,,,,,,,,,,,,,0.9901505,0.98335737,,,0.9929324,,,,0.9914348,,,,,,,,,,,,,,,0.9974612,,,,,,,,0.9880838,,,,,,,,,,0.9875802,0.9893322,0.98853016,,,,,,,0.9893485,0.9956244,,,,1.0032516,
136,136,2022-12-14,0.9885803,,,,,,,,,,,,,0.9959387,0.9888823,0.98822486,0.98822016,,,,,136,,,,0.9883079,,,,,,,,,,,,,,,,,,,,0.98859614,0.9838384,,,0.99340016,,,,0.98478514,,,,,,,,,,,,,,,0.9864917,,,,,,,,0.988078,,,,,,,,,,0.9874513,0.98923117,0.9917456,,,,,,,0.9892322,0.9882681,,,,0.9959267,
137,137,2022-12-16,0.9908253,,,,,,,,,,,,,1.0031972,0.9882818,0.99216825,0.99214596,,,,,137,,,,0.9960986,,,,,,,,,,,,,,,,,,,,0.9907116,0.9925383,,,0.9800983,,,,0.9919506,,,,,,,,,,,,,,,0.9970932,,,,,,,,0.992453,,,,,,,,,,0.99253017,0.99050575,0.9885838,,,,,,,0.9904547,0.9961309,,,,1.0032288,
138,138,2022-12-19,0.98822397,,,,,,,,,,,,,0.99481463,0.99251217,0.98825717,0.9882526,,,,,138,,,,0.9883079,,,,,,,,,,,,,,,,,,,,0.98824036,0.98391944,,,0.9953949,,,,0.98740405,,,,,,,,,,,,,,,0.9864917,,,,,,,,0.98800063,,,,,,,,,,0.98787713,0.9884376,0.9888101,,,,,,,0.988439,0.9882681,,,,0.9948099,
139,139,2022-12-21,0.9907487,,,,,,,,,,,,,1.0020646,0.9882263,0.9915467,0.991524,,,,,139,,,,0.99598026,,,,,,,,,,,,,,,,,,,,0.9906501,0.99313325,,,0.97229266,,,,0.992353,,,,,,,,,,,,,,,0.9965249,,,,,,,,0.9928042,,,,,,,,,,0.99027014,0.9904369,0.98853105,,,,,,,0.9903618,0.9960198,,,,1.002136,
140,140,2022-12-24,0.98847324,,,,,,,,,,,,,0.99417603,0.9918926,0.9884077,0.9884012,,,,,140,,,,0.9883079,,,,,,,,,,,,,,,,,,,,0.9884357,0.98325354,,,0.9931008,,,,0.98435193,,,,,,,,,,,,,,,0.9864917,,,,,,,,0.98805624,,,,,,,,,,0.9874523,0.98924404,0.9925864,,,,,,,0.9892444,0.9882681,,,,0.99416804,
141,141,2022-12-26,0.99090344,,,,,,,,,,,,,1.0031447,0.98830426,0.9926079,0.9925926,,,,,141,,,,0.9956929,,,,,,,,,,,,,,,,,,,,0.99079037,0.9916451,,,0.97311145,,,,0.99200535,,,,,,,,,,,,,,,0.99750024,,,,,,,,0.9931508,,,,,,,,,,0.9899547,0.9902,0.9883583,,,,,,,0.99014777,0.99573225,,,,1.0031734,
142,142,2022-12-29,0.988393,,,,,,,,,,,,,0.9962057,0.99187267,0.9883624,0.9883584,,,,,142,,,,0.9883079,,,,,,,,,,,,,,,,,,,,0.9884093,0.98457974,,,0.99344885,,,,0.9842838,,,,,,,,,,,,,,,0.9864917,,,,,,,,0.9880094,,,,,,,,,,0.9877326,0.98929477,0.9904917,,,,,,,0.98929554,0.9882681,,,,0.99619347,
143,143,2022-12-31,0.990272,,,,,,,,,,,,,1.0018809,0.98831385,,,,,,,143,,,,0.99585736,,,,,,,,,,,,,,,,,,,,0.99013644,,,,,,,,0.99185914,,,,,,,,,,,,,,,0.9972974,,,,,,,,,,,,,,,,,,,,0.98856896,,,,,,,,0.995891,,,,1.0019522,
144,144,,,,,,,,,,,,,,,0.99555284,0.9910277,,,,,,,144,,,,,,,,,,,,,,,,,,,,,,,,,,,,,,,,,,,,,,,,,,,,,,,,,,,,,,,,,,,,,,,,,,,0.99069285,,,,,,,,,,,,0.99554867,
