,date,0,1,2,3,4,5,6,7,8,9,10,11,12,13,14,15,16,17,18,19,20,21,22,23,24,25,26,27,28,29,30,31,32,33,34,35,36,37,38,39,40,41,42,43,44,45,46,47,48,49,50,51,52,53,54,55,56,57,58,59,60,61,62,63,64,65,66,67,68,69,70,71,72,73,74,75,76,77,78,79,80,81,82,83,84,85,86,87,88,89,90,91,92,93,94,95,96,97,98,99,100
0,2022-01-03,6675.0,1712.0,958.0,7182.0,2258.0,1253.0,2068.0,7725.0,2083.0,7502.0,954.0,6291.0,8257.0,1591.0,2292.0,1278.0,1219.0,2859.0,2270.0,7287.0,5710.0,2415.0,2728.0,1673.0,1043.0,9140.0,1759.0,2713.0,1074.0,7125.0,1669.0,4092.0,1013.0,1111.0,4087.0,4003.0,1784.0,10965.0,1016.0,1430.0,5873.0,1740.0,4714.0,936.0,10273.0,4101.0,1359.0,1408.0,1830.0,5545.0,1556.0,1933.0,1410.0,1771.0,1701.0,1792.0,1017.0,932.0,8518.0,1584.0,2108.0,1200.0,1257.0,982.0,2713.0,3911.0,5294.0,1154.0,2480.0,7409.0,3002.0,1686.0,984.0,9011.0,10438.0,1767.0,2103.0,1631.0,3901.0,2851.0,2026.0,4982.0,1283.0,2364.0,8871.0,1312.0,2601.0,4016.0,1840.0,1128.0,911.0,10051,1689.0,982.0,3676.0,1595.0,1192.0,6232.0,2119.0,2037.0,2077.0
1,2022-01-05,1482.0,1720.0,802.0,1143.0,2064.0,1409.0,2068.0,1791.0,2071.0,7502.0,811.0,2458.0,1629.0,1591.0,2358.0,4476.0,953.0,1889.0,2270.0,1770.0,1586.0,2416.0,1966.0,1632.0,1147.0,1219.0,1829.0,2021.0,1074.0,845.0,1979.0,1907.0,1003.0,1032.0,1785.0,1112.0,1876.0,1141.0,1033.0,1554.0,1551.0,1759.0,1268.0,936.0,1557.0,1390.0,1417.0,1409.0,1478.0,1676.0,1565.0,1934.0,1702.0,2026.0,1712.0,1930.0,898.0,888.0,1806.0,1585.0,1599.0,1200.0,1258.0,882.0,942.0,2510.0,2162.0,1154.0,2341.0,1077.0,1059.0,1840.0,881.0,1618.0,964.0,5652.0,1935.0,2153.0,1366.0,2851.0,2026.0,1410.0,1395.0,2356.0,1005.0,970.0,3259.0,4031.0,1206.0,1128.0,859.0,10051,2342.0,1190.0,2121.0,1577.0,943.0,6233.0,2174.0,2210.0,1591.0
2,2022-01-08,1484.0,1598.0,954.0,918.0,1992.0,2210.0,2223.0,1941.0,2004.0,2185.0,912.0,2379.0,3901.0,1717.0,2389.0,929.0,912.0,2093.0,2270.0,1743.0,8444.0,2366.0,1902.0,1561.0,1013.0,1098.0,1728.0,1995.0,1067.0,979.0,3286.0,2052.0,914.0,883.0,1768.0,1150.0,1758.0,900.0,905.0,1455.0,1605.0,1976.0,9730.0,895.0,1365.0,1607.0,3064.0,5938.0,1704.0,1621.0,1897.0,1891.0,1316.0,1569.0,1435.0,5259.0,899.0,2479.0,1788.0,1911.0,1709.0,1233.0,1567.0,976.0,843.0,2544.0,2096.0,1108.0,2518.0,1229.0,1195.0,1764.0,1030.0,1575.0,881.0,1752.0,1940.0,1978.0,1385.0,2852.0,2184.0,1382.0,1332.0,2477.0,1508.0,957.0,1968.0,4628.0,1219.0,1550.0,2311.0,10051,2288.0,1033.0,2222.0,1567.0,861.0,1423.0,1815.0,1929.0,1645.0
3,2022-01-10,1629.0,1595.0,1241.0,1205.0,2039.0,1551.0,2223.0,9056.0,1996.0,2185.0,1751.0,7032.0,7490.0,1717.0,2486.0,853.0,840.0,8937.0,2270.0,7904.0,1575.0,2366.0,1914.0,1591.0,982.0,1244.0,1583.0,1975.0,1067.0,1304.0,2684.0,9773.0,1181.0,1242.0,1838.0,1210.0,1756.0,9282.0,1350.0,1354.0,9099.0,1933.0,1214.0,895.0,1322.0,1497.0,1498.0,5937.0,1426.0,1628.0,1988.0,1882.0,1448.0,1989.0,1462.0,1655.0,1536.0,1316.0,1761.0,1910.0,11573.0,1233.0,1567.0,1268.0,1063.0,2442.0,9221.0,1108.0,2300.0,8539.0,6140.0,1807.0,1220.0,1719.0,5696.0,1542.0,2084.0,1730.0,9541.0,2852.0,2184.0,1434.0,1408.0,2471.0,4180.0,895.0,1731.0,4681.0,2275.0,1550.0,2339.0,10051,2238.0,1251.0,2065.0,1965.0,4829.0,1423.0,2128.0,2017.0,1468.0
4,2022-01-13,1662.0,1526.0,1861.0,1950.0,1985.0,2462.0,2204.0,1668.0,1870.0,2293.0,1872.0,1986.0,1546.0,1443.0,2257.0,886.0,900.0,1971.0,1785.0,1930.0,2576.0,1526.0,1938.0,2616.0,871.0,1114.0,1694.0,1955.0,823.0,1873.0,2962.0,1905.0,1954.0,1955.0,1761.0,1089.0,1851.0,1352.0,1909.0,2432.0,1601.0,1866.0,2358.0,887.0,1176.0,1657.0,2506.0,1157.0,1683.0,1679.0,1952.0,2964.0,1311.0,3040.0,1387.0,2958.0,2147.0,1934.0,2825.0,2980.0,1544.0,1202.0,1368.0,1945.0,1895.0,3543.0,2158.0,879.0,3368.0,1283.0,1284.0,2805.0,1938.0,1707.0,1038.0,1662.0,3066.0,3272.0,1388.0,2038.0,2137.0,1352.0,2400.0,2298.0,1682.0,895.0,1991.0,8334.0,1236.0,1523.0,1931.0,838,3406.0,2028.0,2203.0,1849.0,1209.0,1392.0,3204.0,1923.0,2621.0
5,2022-01-15,2919.0,1516.0,1933.0,1960.0,3030.0,2526.0,2204.0,2818.0,1832.0,2293.0,1941.0,3046.0,2766.0,1443.0,2375.0,961.0,3407.0,3035.0,1786.0,3223.0,2686.0,1526.0,2962.0,2468.0,1240.0,4893.0,2742.0,3013.0,823.0,1932.0,3011.0,2959.0,2095.0,1951.0,2830.0,2202.0,2771.0,2046.0,1973.0,2574.0,2688.0,1925.0,2375.0,887.0,2816.0,1804.0,2663.0,1157.0,1476.0,2709.0,1943.0,2969.0,1442.0,3045.0,1398.0,3051.0,1954.0,1957.0,2854.0,2979.0,2651.0,1202.0,1366.0,1939.0,1831.0,3594.0,3005.0,879.0,3324.0,2238.0,2069.0,2844.0,1968.0,2671.0,2081.0,1505.0,3268.0,3254.0,2639.0,2037.0,2136.0,2444.0,2348.0,2284.0,2045.0,1327.0,1875.0,8333.0,2245.0,1523.0,1944.0,838,3378.0,2025.0,2079.0,2090.0,1834.0,1391.0,3131.0,2020.0,2580.0
6,2022-01-18,8325.0,1614.0,1843.0,1896.0,3047.0,2458.0,2256.0,3087.0,1986.0,2219.0,1817.0,2950.0,3394.0,1588.0,2487.0,1128.0,1253.0,3084.0,1785.0,3526.0,2572.0,1370.0,3023.0,2639.0,7978.0,2048.0,2735.0,3035.0,999.0,1824.0,3052.0,3294.0,1984.0,1893.0,2769.0,2200.0,2744.0,2385.0,1848.0,2482.0,2648.0,2003.0,2334.0,1422.0,5426.0,6168.0,2519.0,8633.0,1688.0,2702.0,1962.0,2965.0,1354.0,3020.0,1834.0,2913.0,1843.0,1841.0,2860.0,1905.0,3011.0,1289.0,1565.0,1856.0,1926.0,3499.0,3320.0,997.0,3360.0,2967.0,2099.0,2853.0,1876.0,2754.0,2441.0,1608.0,3046.0,3230.0,2130.0,2038.0,2143.0,2482.0,2436.0,2242.0,1984.0,4819.0,2020.0,1487.0,2239.0,1647.0,1843.0,838,3411.0,2074.0,2221.0,8143.0,2034.0,7642.0,3226.0,5518.0,2676.0
7,2022-01-20,1400.0,1606.0,1857.0,1903.0,3040.0,2568.0,2256.0,9267.0,1963.0,2219.0,1871.0,2996.0,7362.0,1588.0,2373.0,1303.0,2170.0,3059.0,1785.0,3606.0,2582.0,1370.0,2974.0,2644.0,5771.0,7829.0,2678.0,3004.0,999.0,1853.0,3048.0,3204.0,2004.0,1912.0,2795.0,2183.0,2785.0,2086.0,1874.0,2664.0,2625.0,2003.0,2362.0,1422.0,1890.0,1699.0,2576.0,8634.0,1463.0,2688.0,1998.0,3013.0,1630.0,3002.0,1820.0,2877.0,1945.0,1932.0,2826.0,1904.0,8225.0,1289.0,1565.0,1938.0,1983.0,3566.0,3075.0,997.0,3355.0,4431.0,2141.0,2848.0,1948.0,2683.0,2019.0,1323.0,3052.0,3266.0,2459.0,2038.0,2143.0,2483.0,2387.0,2235.0,1989.0,1164.0,1856.0,1487.0,2224.0,1647.0,1926.0,838,3408.0,2127.0,2066.0,4246.0,2034.0,7642.0,3157.0,2007.0,2615.0
8,2022-01-23,1661.0,1523.0,3025.0,8595.0,3014.0,9045.0,3401.0,2711.0,1875.0,3155.0,2441.0,2995.0,3367.0,1470.0,2261.0,1101.0,1234.0,3014.0,1667.0,2923.0,2831.0,1468.0,2977.0,2662.0,1052.0,1140.0,2687.0,2974.0,2395.0,8007.0,4432.0,3191.0,4219.0,5009.0,2750.0,2185.0,2751.0,1891.0,2142.0,2589.0,2600.0,1857.0,2375.0,2088.0,1538.0,1806.0,2139.0,1994.0,1827.0,2706.0,1837.0,2962.0,1467.0,3044.0,1392.0,2935.0,2961.0,5197.0,2851.0,2925.0,2767.0,2325.0,2551.0,7326.0,1835.0,3526.0,3045.0,936.0,3334.0,2320.0,2061.0,2844.0,9619.0,2623.0,1855.0,1722.0,3070.0,2978.0,2502.0,2135.0,3267.0,2485.0,2171.0,2405.0,2068.0,2727.0,2097.0,1148.0,2230.0,2649.0,7844.0,1005,3360.0,3648.0,2347.0,1460.0,1857.0,1547.0,3150.0,2069.0,2583.0
9,2022-01-25,2588.0,1534.0,1844.0,1905.0,3051.0,2466.0,3402.0,2758.0,1881.0,3155.0,1845.0,3087.0,3400.0,1470.0,2404.0,1843.0,1883.0,3016.0,1667.0,3304.0,2534.0,1468.0,2962.0,2611.0,1231.0,2303.0,2775.0,3015.0,2395.0,1859.0,2979.0,3240.0,1988.0,1813.0,3485.0,2222.0,2775.0,1993.0,1840.0,2491.0,2624.0,1880.0,2341.0,2088.0,2386.0,2568.0,2560.0,1993.0,2493.0,2700.0,1861.0,2988.0,2462.0,2978.0,1415.0,2664.0,1805.0,1850.0,2826.0,2926.0,2623.0,2325.0,2551.0,1858.0,1990.0,3575.0,3030.0,936.0,3342.0,2384.0,2431.0,2833.0,1864.0,2814.0,1928.0,2678.0,3052.0,3192.0,2608.0,2134.0,3266.0,2506.0,2396.0,2400.0,3048.0,2047.0,2887.0,1159.0,2298.0,2649.0,1854.0,1005,3422.0,2075.0,3117.0,1789.0,1973.0,1547.0,3166.0,2027.0,2615.0
10,2022-01-30,2882.0,2635.0,1858.0,2003.0,3005.0,2583.0,3402.0,2792.0,2942.0,3259.0,1881.0,3137.0,3336.0,1496.0,2329.0,1878.0,1882.0,3047.0,1667.0,3275.0,2558.0,1365.0,2939.0,2601.0,1994.0,2321.0,2735.0,2946.0,1776.0,1940.0,2973.0,3360.0,2185.0,1930.0,2774.0,2202.0,2830.0,1984.0,1961.0,2545.0,2632.0,2951.0,2396.0,1941.0,2660.0,2749.0,2651.0,2180.0,2656.0,2769.0,2930.0,2997.0,2513.0,3016.0,2547.0,2699.0,1877.0,1923.0,2841.0,3137.0,4673.0,2310.0,2265.0,1974.0,1854.0,3571.0,3060.0,1483.0,3358.0,2611.0,2390.0,2866.0,1936.0,2678.0,2001.0,2757.0,3096.0,3239.0,2546.0,2136.0,3245.0,2530.0,2402.0,3235.0,2137.0,1857.0,3084.0,1318.0,2269.0,2623.0,1931.0,1005,3406.0,2125.0,3248.0,2789.0,1851.0,2172.0,3149.0,2964.0,2629.0
11,2022-02-02,3522.0,2633.0,2055.0,2074.0,3021.0,2982.0,3402.0,2520.0,2938.0,3259.0,2120.0,3423.0,3412.0,1496.0,2437.0,1960.0,1917.0,3645.0,1667.0,3378.0,2555.0,1364.0,2964.0,2580.0,2400.0,2229.0,2716.0,2996.0,1776.0,2019.0,3081.0,3198.0,2299.0,2037.0,2812.0,2261.0,2828.0,2036.0,1997.0,2569.0,2647.0,2997.0,2376.0,1941.0,2501.0,2591.0,2621.0,2180.0,2502.0,2775.0,2925.0,2990.0,2413.0,2987.0,2544.0,2588.0,2803.0,2039.0,2785.0,3136.0,2826.0,2310.0,2265.0,2026.0,1929.0,3429.0,2980.0,1483.0,3292.0,2543.0,3134.0,2885.0,2053.0,4699.0,1934.0,2419.0,3094.0,3169.0,2549.0,2135.0,3245.0,2649.0,2472.0,3231.0,2824.0,1948.0,2929.0,1316.0,3795.0,2623.0,2058.0,1005,3369.0,2250.0,3082.0,3062.0,1908.0,2172.0,3108.0,2944.0,2636.0
12,2022-02-04,2946.0,2651.0,2032.0,1966.0,3019.0,2650.0,3427.0,3905.0,2975.0,3129.0,2060.0,3102.0,3767.0,5485.0,3756.0,2074.0,2053.0,5886.0,1719.0,5199.0,2598.0,1856.0,2999.0,2653.0,1956.0,2314.0,2791.0,2983.0,1834.0,2016.0,2993.0,3225.0,2225.0,1972.0,2811.0,2251.0,2844.0,1898.0,1963.0,3214.0,2938.0,2982.0,2428.0,1868.0,2652.0,2810.0,2703.0,2318.0,2739.0,2816.0,2954.0,3016.0,2527.0,3036.0,2555.0,2601.0,1980.0,2010.0,2807.0,2916.0,2842.0,2339.0,2534.0,2048.0,1948.0,3471.0,3004.0,3234.0,3311.0,2554.0,2078.0,2845.0,2052.0,2713.0,1941.0,2427.0,3079.0,3180.0,2520.0,2209.0,3284.0,2725.0,2904.0,3295.0,2004.0,2021.0,3075.0,5668.0,2433.0,2715.0,1993.0,4910,3388.0,2250.0,3195.0,3030.0,1901.0,2474.0,3160.0,3035.0,2669.0
13,2022-02-07,2854.0,2647.0,2108.0,2020.0,3004.0,2596.0,3427.0,2742.0,2979.0,3127.0,2060.0,3156.0,3406.0,5485.0,3806.0,1801.0,1861.0,3053.0,1719.0,3269.0,2509.0,1858.0,2965.0,2609.0,2028.0,2207.0,2734.0,2999.0,1834.0,2040.0,2975.0,3209.0,2192.0,2058.0,2803.0,2227.0,2833.0,2196.0,1953.0,2574.0,2567.0,3051.0,2235.0,1868.0,2444.0,2573.0,2606.0,2318.0,2432.0,2717.0,2984.0,2994.0,2363.0,3055.0,2552.0,2512.0,2023.0,2022.0,2817.0,2916.0,2926.0,2339.0,2534.0,2037.0,2133.0,3471.0,3108.0,3232.0,3318.0,2802.0,2069.0,2848.0,2063.0,2748.0,2242.0,2517.0,3087.0,3126.0,2516.0,2209.0,3285.0,2568.0,2437.0,3289.0,1973.0,1879.0,3022.0,5670.0,2294.0,2715.0,2059.0,4911,3373.0,2210.0,3158.0,2864.0,2136.0,2474.0,3106.0,2947.0,2655.0
14,2022-02-09,2921.0,2583.0,1902.0,1971.0,3008.0,2557.0,3414.0,2899.0,2897.0,3120.0,1936.0,3200.0,3614.0,1612.0,2205.0,2112.0,2083.0,3076.0,1719.0,3330.0,2498.0,1421.0,2891.0,2596.0,1906.0,2326.0,2881.0,2979.0,1924.0,1935.0,3005.0,3618.0,2185.0,1966.0,2867.0,2222.0,2930.0,2104.0,1952.0,2550.0,2603.0,2938.0,2352.0,1917.0,2676.0,2883.0,2624.0,2044.0,2798.0,2740.0,2898.0,2971.0,2555.0,3048.0,2419.0,2287.0,1960.0,1966.0,2817.0,2971.0,3114.0,2283.0,2530.0,1931.0,2007.0,3454.0,3166.0,6436.0,3290.0,2892.0,2240.0,2844.0,1960.0,2816.0,2605.0,2480.0,3115.0,3136.0,2567.0,2207.0,3299.0,2677.0,2458.0,3294.0,2175.0,2051.0,3016.0,1324.0,2306.0,2665.0,1934.0,4913,3394.0,2188.0,3235.0,3012.0,1995.0,2432.0,3097.0,3053.0,2663.0
15,2022-02-12,2775.0,2576.0,2132.0,1969.0,3071.0,2796.0,3413.0,2787.0,2864.0,3122.0,2082.0,3313.0,3441.0,1612.0,2249.0,1891.0,1852.0,3143.0,1718.0,3343.0,2605.0,1421.0,2981.0,2674.0,1852.0,2159.0,2845.0,3038.0,1924.0,2095.0,3076.0,4178.0,2267.0,1925.0,2840.0,2268.0,2902.0,2156.0,1924.0,2584.0,2660.0,2980.0,2487.0,1917.0,2420.0,2696.0,2817.0,2044.0,2509.0,2759.0,2906.0,3060.0,2443.0,3061.0,2417.0,2452.0,2101.0,2050.0,2897.0,2972.0,3049.0,2283.0,2531.0,2048.0,2166.0,3624.0,3289.0,6436.0,3394.0,2852.0,2220.0,2878.0,2068.0,2829.0,2165.0,2566.0,3141.0,3233.0,2613.0,2207.0,3300.0,2651.0,2507.0,3289.0,2176.0,1913.0,2964.0,1323.0,2309.0,2665.0,2118.0,4910,3480.0,2223.0,3101.0,2844.0,2169.0,2431.0,3197.0,2962.0,2650.0
16,2022-02-14,6010.0,2593.0,2000.0,2055.0,3062.0,2669.0,3418.0,2907.0,2879.0,3162.0,2001.0,3335.0,3472.0,1604.0,2600.0,1903.0,1903.0,3095.0,1681.0,3284.0,2546.0,2035.0,2990.0,2621.0,2047.0,3319.0,2775.0,3039.0,2101.0,2031.0,3048.0,3287.0,2313.0,2037.0,2820.0,2223.0,2876.0,2028.0,1972.0,2612.0,2677.0,2920.0,2477.0,2374.0,2454.0,2777.0,2719.0,2257.0,2756.0,2773.0,2799.0,3045.0,4057.0,3097.0,2455.0,2460.0,2051.0,2051.0,2897.0,3097.0,2998.0,2344.0,2425.0,2036.0,1927.0,3584.0,4500.0,1068.0,3351.0,2855.0,2301.0,2899.0,2041.0,2842.0,2063.0,2685.0,3160.0,3217.0,2601.0,2131.0,3279.0,2631.0,2509.0,3216.0,2036.0,1890.0,3099.0,2272.0,2269.0,2697.0,2056.0,1303,3450.0,2284.0,3237.0,3061.0,1946.0,2926.0,3165.0,3140.0,2648.0
17,2022-02-17,2713.0,2587.0,2212.0,2055.0,3052.0,2682.0,3418.0,2787.0,2847.0,3162.0,2114.0,3273.0,3471.0,1604.0,2685.0,7503.0,7593.0,3185.0,1681.0,3291.0,2548.0,2035.0,3018.0,2643.0,1926.0,2292.0,2775.0,3003.0,2102.0,2027.0,3045.0,3315.0,2365.0,2054.0,2845.0,2278.0,2893.0,2123.0,2097.0,2657.0,2638.0,2934.0,2433.0,2374.0,2760.0,3008.0,2691.0,2257.0,3287.0,2795.0,2794.0,3062.0,2436.0,3064.0,2463.0,2363.0,2108.0,2052.0,2929.0,3096.0,2952.0,2324.0,2425.0,2016.0,2014.0,3620.0,5540.0,1068.0,3345.0,2810.0,2053.0,2926.0,2039.0,2854.0,2187.0,2688.0,3174.0,3263.0,2618.0,2132.0,3279.0,2680.0,2484.0,3210.0,2134.0,3928.0,2934.0,2278.0,2310.0,2697.0,2072.0,1303,3497.0,2304.0,3097.0,2894.0,2148.0,2927.0,3170.0,2985.0,2731.0
18,2022-02-19,2848.0,2625.0,2346.0,2151.0,2993.0,2699.0,3456.0,2898.0,2934.0,3159.0,2228.0,3362.0,3477.0,1508.0,2427.0,1937.0,1940.0,3134.0,1681.0,3282.0,2568.0,2385.0,2963.0,2606.0,2004.0,2320.0,2754.0,2966.0,1967.0,2128.0,3044.0,3329.0,2386.0,2118.0,2755.0,2270.0,2867.0,2112.0,2095.0,2722.0,2717.0,2970.0,2443.0,1808.0,2648.0,2787.0,2727.0,2184.0,2831.0,2750.0,2886.0,3019.0,2571.0,3030.0,2490.0,2344.0,2184.0,2129.0,2862.0,2926.0,2993.0,2289.0,2467.0,2119.0,1933.0,3538.0,6097.0,2038.0,3332.0,2891.0,2243.0,2876.0,2141.0,2861.0,2068.0,2634.0,3153.0,3163.0,2657.0,2131.0,3347.0,2643.0,2498.0,3189.0,2001.0,2004.0,3109.0,1947.0,2325.0,2654.0,2186.0,1303,3449.0,2279.0,3265.0,3022.0,1918.0,2511.0,3117.0,3105.0,2669.0
19,2022-02-22,3050.0,2615.0,2312.0,2095.0,3084.0,2690.0,3456.0,2802.0,2925.0,3159.0,2177.0,3419.0,3509.0,1508.0,2478.0,1814.0,1848.0,3233.0,1681.0,3298.0,2573.0,2384.0,3009.0,2693.0,2021.0,2171.0,2780.0,3014.0,1967.0,2155.0,3065.0,3360.0,2302.0,2071.0,2891.0,2349.0,2932.0,2055.0,2093.0,2648.0,2720.0,2986.0,2457.0,1808.0,2519.0,2607.0,2744.0,2184.0,2495.0,2810.0,2865.0,4005.0,2418.0,3091.0,2492.0,2467.0,2197.0,2058.0,2880.0,2926.0,2987.0,2289.0,2467.0,2082.0,2093.0,3544.0,6308.0,2038.0,3311.0,2904.0,2395.0,3656.0,2088.0,2912.0,2166.0,2375.0,3163.0,3247.0,2677.0,2132.0,3347.0,2736.0,2488.0,3186.0,2283.0,1803.0,2928.0,1939.0,2426.0,2654.0,2185.0,1303,3948.0,2291.0,3081.0,2852.0,1998.0,2511.0,3136.0,3016.0,2673.0
20,2022-02-24,2887.0,2576.0,2168.0,2206.0,3311.0,2739.0,3441.0,2899.0,2841.0,3141.0,2343.0,3554.0,3560.0,2437.0,3193.0,1877.0,1871.0,3224.0,2720.0,3361.0,2684.0,2376.0,3056.0,2668.0,2102.0,2333.0,2917.0,3001.0,1890.0,2128.0,3058.0,3451.0,2321.0,2159.0,3068.0,2506.0,3077.0,2069.0,2351.0,2991.0,2744.0,2932.0,2470.0,1950.0,2767.0,2743.0,2779.0,2109.0,2827.0,3145.0,2822.0,3051.0,2640.0,3059.0,2497.0,2582.0,2184.0,2091.0,2903.0,2984.0,3020.0,2300.0,2428.0,2140.0,1960.0,3525.0,7030.0,2012.0,3345.0,2981.0,2206.0,2936.0,2150.0,2852.0,2187.0,2427.0,3247.0,3655.0,2693.0,3161.0,3315.0,2712.0,2425.0,2714.0,2098.0,1879.0,2975.0,2386.0,2537.0,2656.0,2131.0,2057,3454.0,2439.0,3208.0,3119.0,2064.0,5050.0,3133.0,3086.0,2733.0
21,2022-02-27,2378.0,2571.0,2312.0,1989.0,3123.0,2721.0,3441.0,3919.0,2825.0,3141.0,2153.0,3540.0,4602.0,2437.0,3331.0,1802.0,1858.0,3231.0,2720.0,3339.0,2673.0,2376.0,3030.0,2654.0,2029.0,2193.0,2853.0,3071.0,1890.0,1941.0,3105.0,3558.0,2546.0,2038.0,2896.0,2417.0,2939.0,2298.0,2077.0,2699.0,2832.0,2967.0,2510.0,1950.0,2673.0,2697.0,2817.0,2109.0,2499.0,3144.0,2811.0,3092.0,2499.0,3076.0,2500.0,2515.0,2082.0,2166.0,2912.0,2984.0,3332.0,2300.0,2428.0,1969.0,2214.0,3558.0,6228.0,2012.0,3352.0,3995.0,2319.0,2962.0,1966.0,2959.0,2283.0,2611.0,3191.0,3249.0,2924.0,3162.0,3315.0,2741.0,2252.0,2712.0,2353.0,2008.0,2979.0,2381.0,2576.0,2656.0,2350.0,2057,3461.0,2386.0,3081.0,3121.0,2258.0,5050.0,3150.0,3004.0,2711.0
22,2022-03-01,2878.0,2573.0,2619.0,2089.0,3090.0,2780.0,3404.0,3120.0,2890.0,3159.0,2575.0,3541.0,3541.0,2382.0,3215.0,2049.0,1979.0,3244.0,2720.0,3338.0,2581.0,2397.0,2973.0,2621.0,2110.0,2344.0,2743.0,3005.0,1879.0,2084.0,3091.0,3468.0,2414.0,2245.0,2806.0,2398.0,2866.0,2131.0,2152.0,2687.0,2773.0,2900.0,2511.0,2077.0,2793.0,2854.0,2811.0,2272.0,2822.0,2788.0,2797.0,3037.0,2635.0,3050.0,2434.0,2630.0,2369.0,2171.0,2881.0,3023.0,3076.0,2371.0,2449.0,2050.0,2074.0,3537.0,6287.0,2047.0,3331.0,3086.0,2005.0,2861.0,2063.0,2947.0,2053.0,2653.0,3218.0,3163.0,2693.0,3163.0,3273.0,2833.0,2572.0,3127.0,2137.0,2002.0,3047.0,2625.0,3810.0,2698.0,2113.0,2057,3450.0,2253.0,3212.0,2911.0,2091.0,2548.0,3134.0,3054.0,2652.0
23,2022-03-04,2407.0,2582.0,2537.0,2072.0,3195.0,2772.0,3404.0,3290.0,2877.0,3160.0,2415.0,3624.0,3705.0,2382.0,3352.0,2062.0,2061.0,3297.0,2720.0,3427.0,2606.0,2397.0,3179.0,2659.0,2071.0,2408.0,2920.0,3215.0,1879.0,2295.0,3127.0,3524.0,2516.0,2057.0,3062.0,2254.0,2918.0,3172.0,1977.0,1999.0,2809.0,2954.0,2533.0,2077.0,2632.0,3232.0,2814.0,2272.0,2820.0,2744.0,2779.0,2808.0,2517.0,3267.0,2419.0,2595.0,2383.0,2303.0,2910.0,3023.0,3487.0,2371.0,2449.0,2261.0,1965.0,3681.0,6539.0,2047.0,3461.0,4284.0,2489.0,2945.0,2261.0,3067.0,2495.0,2486.0,3242.0,3242.0,2779.0,3163.0,3273.0,2713.0,2430.0,3122.0,2216.0,2113.0,2887.0,2622.0,2570.0,2698.0,2353.0,2057,3827.0,2383.0,3046.0,3118.0,2030.0,2548.0,3525.0,2939.0,2764.0
24,2022-03-06,2958.0,2626.0,2845.0,2245.0,3105.0,3078.0,3409.0,3104.0,2930.0,3182.0,2653.0,5069.0,3533.0,2580.0,3216.0,1964.0,1979.0,3302.0,2727.0,3393.0,2672.0,2373.0,3005.0,2704.0,2431.0,2405.0,2739.0,3095.0,1964.0,2465.0,3254.0,3409.0,2502.0,2330.0,2847.0,2264.0,2928.0,2342.0,2214.0,2657.0,2825.0,2938.0,2546.0,1991.0,2772.0,2782.0,2971.0,2087.0,2586.0,2823.0,2821.0,3121.0,2812.0,3132.0,2521.0,2712.0,2565.0,2484.0,2909.0,2994.0,3113.0,2409.0,2495.0,2385.0,2041.0,3658.0,6596.0,1895.0,3407.0,3091.0,2508.0,2885.0,2324.0,3022.0,2304.0,2416.0,3258.0,3320.0,2792.0,3184.0,3291.0,2711.0,2443.0,3185.0,2371.0,1950.0,3051.0,2566.0,2443.0,2685.0,2465.0,1970,3470.0,2290.0,3201.0,2903.0,2189.0,2598.0,3176.0,3098.0,2737.0
25,2022-03-09,5975.0,2636.0,2290.0,2023.0,3080.0,2810.0,3409.0,3455.0,2928.0,3180.0,2373.0,3574.0,3909.0,2580.0,3302.0,2027.0,2021.0,3303.0,2727.0,3401.0,2606.0,2373.0,3028.0,2704.0,2105.0,2343.0,2818.0,3000.0,1964.0,2152.0,3147.0,3404.0,2417.0,2089.0,2833.0,2208.0,2920.0,2558.0,2469.0,2624.0,2788.0,2986.0,2488.0,1991.0,2800.0,2721.0,2848.0,2087.0,2795.0,2798.0,2814.0,3094.0,2546.0,3211.0,2518.0,2727.0,2240.0,2182.0,2940.0,2994.0,3204.0,2409.0,2496.0,2251.0,2209.0,3677.0,5724.0,1895.0,3453.0,3279.0,2262.0,2894.0,2301.0,3105.0,2621.0,2357.0,3322.0,3256.0,2761.0,3184.0,3290.0,2695.0,2455.0,3182.0,2062.0,1976.0,2960.0,2567.0,2376.0,2685.0,2179.0,1970,3498.0,2255.0,3093.0,3463.0,2129.0,2598.0,3193.0,2877.0,2665.0
26,2022-03-11,2879.0,2620.0,2757.0,2205.0,3189.0,3021.0,3415.0,3414.0,2906.0,3221.0,2743.0,3609.0,3603.0,2396.0,3295.0,2254.0,2212.0,3260.0,2727.0,3361.0,2608.0,2488.0,3183.0,2630.0,2052.0,2479.0,2903.0,3132.0,1960.0,2826.0,3216.0,3515.0,2602.0,2487.0,2928.0,2233.0,2913.0,2256.0,2491.0,2721.0,2787.0,2948.0,2630.0,2039.0,2751.0,2937.0,3029.0,2308.0,2594.0,2763.0,2829.0,3093.0,2599.0,3138.0,2498.0,3007.0,2715.0,2756.0,2963.0,2916.0,3127.0,2398.0,2499.0,2784.0,2003.0,3691.0,6319.0,1898.0,3419.0,3166.0,2622.0,2978.0,2760.0,3061.0,2676.0,2470.0,3290.0,3300.0,2741.0,3185.0,3299.0,2735.0,2455.0,3146.0,2633.0,2472.0,3100.0,2247.0,2478.0,2689.0,2762.0,1970,3540.0,2399.0,3239.0,2959.0,2034.0,2438.0,3170.0,3114.0,2699.0
27,2022-03-14,2690.0,2620.0,2837.0,2086.0,3162.0,2891.0,3415.0,3341.0,2898.0,3221.0,2653.0,3583.0,3624.0,2395.0,3399.0,2102.0,2058.0,3359.0,2727.0,3449.0,2798.0,2488.0,3046.0,2743.0,2123.0,2456.0,2844.0,3039.0,1960.0,2543.0,3158.0,3522.0,2683.0,2241.0,2904.0,2285.0,2947.0,2424.0,2479.0,2702.0,2892.0,2992.0,2535.0,2039.0,2509.0,2669.0,2885.0,2308.0,2916.0,2987.0,2832.0,3143.0,2465.0,3171.0,2480.0,2959.0,2825.0,2495.0,3028.0,2916.0,3161.0,2398.0,2499.0,2172.0,2259.0,3647.0,6044.0,1898.0,3417.0,3221.0,2323.0,2997.0,2466.0,3092.0,2774.0,2403.0,3286.0,3267.0,2844.0,3184.0,3299.0,2755.0,2491.0,3147.0,2076.0,2042.0,2865.0,2248.0,2566.0,2689.0,2572.0,1970,3526.0,2377.0,3041.0,3089.0,2121.0,2438.0,3221.0,2980.0,2794.0
28,2022-03-16,2830.0,2591.0,2837.0,2362.0,3140.0,2939.0,3438.0,3363.0,2850.0,3168.0,2788.0,3599.0,3614.0,2650.0,3107.0,2015.0,2249.0,3315.0,2754.0,3377.0,2639.0,2352.0,3046.0,2695.0,2002.0,2238.0,2924.0,3103.0,1873.0,2581.0,3203.0,3500.0,2711.0,2376.0,2928.0,2264.0,2949.0,2307.0,2374.0,2789.0,2842.0,2920.0,2567.0,1979.0,2852.0,2808.0,2960.0,2210.0,2586.0,2846.0,2756.0,3128.0,2629.0,3131.0,2465.0,2989.0,2466.0,2480.0,2955.0,2901.0,3158.0,2357.0,2513.0,2386.0,2236.0,3635.0,5824.0,1989.0,3371.0,3200.0,2222.0,2988.0,2439.0,3095.0,2938.0,2449.0,3265.0,3236.0,2817.0,3176.0,3303.0,2767.0,2570.0,3171.0,2260.0,2023.0,3057.0,4861.0,2434.0,2680.0,2447.0,1904,3522.0,2454.0,3212.0,2787.0,2109.0,2477.0,3199.0,3128.0,2771.0
29,2022-03-19,2776.0,2604.0,2787.0,2223.0,3181.0,2862.0,3437.0,3462.0,2881.0,3169.0,2980.0,3595.0,3666.0,2650.0,3238.0,1931.0,1876.0,3344.0,2754.0,3439.0,2631.0,2352.0,3093.0,2706.0,2199.0,2461.0,2773.0,3110.0,1874.0,2515.0,3182.0,3539.0,2699.0,2073.0,2892.0,2326.0,2978.0,2610.0,2402.0,2794.0,2824.0,2933.0,2543.0,1979.0,2606.0,2632.0,2886.0,2210.0,2917.0,2806.0,2737.0,3169.0,2620.0,3151.0,2451.0,3029.0,2831.0,2013.0,2986.0,2900.0,3179.0,2357.0,2514.0,2306.0,2418.0,3653.0,5322.0,1989.0,3406.0,3275.0,2153.0,3051.0,2163.0,3115.0,2421.0,2400.0,3288.0,3246.0,2813.0,3176.0,3305.0,2778.0,2642.0,3165.0,2214.0,1900.0,2877.0,4894.0,2514.0,2680.0,2545.0,1904,3547.0,2448.0,3083.0,3110.0,2259.0,2476.0,3186.0,3039.0,2810.0
30,2022-03-21,2932.0,2706.0,3097.0,2099.0,3132.0,2812.0,3488.0,3463.0,2994.0,3192.0,2657.0,3577.0,3656.0,2376.0,3292.0,2116.0,2128.0,3279.0,2754.0,3421.0,2677.0,2452.0,3043.0,2669.0,2094.0,2256.0,2759.0,3085.0,2084.0,2497.0,3181.0,3446.0,2584.0,2366.0,2841.0,2302.0,2979.0,2384.0,2386.0,2728.0,2803.0,3031.0,2523.0,2140.0,2901.0,3143.0,2849.0,3308.0,2663.0,2854.0,2844.0,3084.0,2681.0,3063.0,2610.0,3053.0,2435.0,2396.0,2913.0,3088.0,3183.0,2367.0,2497.0,2330.0,2222.0,3617.0,5270.0,2210.0,3399.0,3261.0,2313.0,2907.0,2396.0,3090.0,2801.0,2459.0,3282.0,3257.0,2783.0,3178.0,3361.0,2775.0,2626.0,3171.0,2180.0,2168.0,3039.0,2337.0,2450.0,2748.0,2393.0,1904,3521.0,2339.0,3244.0,2979.0,2249.0,2551.0,3149.0,3133.0,2732.0
31,2022-03-24,2840.0,2694.0,2801.0,2212.0,3123.0,2867.0,3488.0,3503.0,2976.0,3192.0,2736.0,3692.0,3720.0,2377.0,3417.0,2178.0,2170.0,3349.0,2754.0,3411.0,2634.0,2452.0,2995.0,2681.0,2152.0,2445.0,2823.0,3031.0,2084.0,2444.0,3157.0,3520.0,2583.0,2397.0,2843.0,2516.0,3287.0,2494.0,2399.0,2769.0,2859.0,3021.0,2543.0,2139.0,2613.0,2869.0,2879.0,3308.0,2965.0,2831.0,2835.0,3120.0,2616.0,3087.0,2605.0,3045.0,2626.0,2528.0,2949.0,3088.0,3205.0,2367.0,2498.0,2381.0,2181.0,3620.0,5053.0,2210.0,3392.0,3333.0,2431.0,2935.0,2457.0,3201.0,2510.0,2485.0,3295.0,3241.0,2805.0,3178.0,3361.0,2748.0,2552.0,3173.0,2246.0,2094.0,3028.0,2339.0,2870.0,2748.0,2579.0,1904,3525.0,2377.0,3132.0,3167.0,2165.0,2551.0,3167.0,3003.0,2738.0
32,2022-03-26,3000.0,2678.0,2772.0,2330.0,3162.0,3080.0,3531.0,3414.0,2930.0,3223.0,2745.0,3587.0,3728.0,2518.0,3110.0,2010.0,1991.0,3321.0,2692.0,3410.0,2593.0,2385.0,3107.0,2828.0,2187.0,2338.0,2880.0,3097.0,1979.0,2597.0,3217.0,3473.0,2835.0,2654.0,2923.0,2346.0,2998.0,2307.0,2486.0,2803.0,2840.0,2973.0,2609.0,1946.0,2816.0,2899.0,3018.0,2229.0,2754.0,2783.0,2791.0,3186.0,2752.0,3139.0,2523.0,3077.0,2582.0,2653.0,3005.0,2999.0,3180.0,2400.0,2541.0,2631.0,2288.0,3640.0,5014.0,10748.0,3424.0,3194.0,2504.0,3010.0,2553.0,3102.0,2637.0,2369.0,3284.0,3354.0,2789.0,3135.0,3355.0,2733.0,2566.0,3108.0,2194.0,1965.0,3056.0,2280.0,2453.0,2728.0,2747.0,2084,3549.0,2533.0,3261.0,3042.0,2292.0,2497.0,3275.0,3186.0,2879.0
33,2022-03-29,3202.0,2673.0,2840.0,2213.0,3224.0,2939.0,3528.0,3474.0,2935.0,3223.0,2767.0,3594.0,3790.0,2518.0,3252.0,1938.0,2024.0,3327.0,2692.0,3441.0,2631.0,2385.0,3120.0,2707.0,2164.0,2504.0,2879.0,3145.0,1979.0,2732.0,3248.0,3536.0,2675.0,2299.0,2918.0,2374.0,2951.0,2461.0,2400.0,2803.0,2885.0,2983.0,2556.0,1946.0,2676.0,2764.0,2936.0,2229.0,2974.0,2877.0,2799.0,3194.0,2500.0,3143.0,2519.0,3054.0,2785.0,2546.0,2996.0,2998.0,3222.0,2400.0,2543.0,2492.0,2439.0,3669.0,4911.0,10747.0,3452.0,3308.0,2495.0,3013.0,2381.0,3003.0,2755.0,2598.0,3184.0,3336.0,2826.0,3135.0,3356.0,2709.0,2718.0,3108.0,2319.0,1975.0,2909.0,2282.0,2529.0,2727.0,2596.0,2084,3560.0,2496.0,3133.0,3226.0,2212.0,2497.0,3248.0,3012.0,2855.0
34,2022-03-31,2943.0,2644.0,2599.0,2462.0,7569.0,3013.0,3503.0,3446.0,2896.0,3219.0,2747.0,3634.0,3736.0,2428.0,3332.0,2087.0,2072.0,3378.0,2692.0,3405.0,2720.0,2378.0,3419.0,2845.0,1948.0,2573.0,2980.0,3667.0,1984.0,2570.0,3287.0,3499.0,2967.0,2513.0,6975.0,3824.0,3178.0,2159.0,2552.0,3017.0,2901.0,2925.0,2537.0,2242.0,3020.0,2969.0,2969.0,3030.0,2751.0,2875.0,2767.0,3230.0,2760.0,3122.0,2483.0,3188.0,2644.0,2567.0,3034.0,2965.0,3215.0,2436.0,2576.0,2567.0,2253.0,3619.0,4849.0,1876.0,3410.0,3239.0,2573.0,3095.0,2541.0,3181.0,2880.0,2497.0,3230.0,3352.0,2845.0,3137.0,3363.0,3878.0,2594.0,3081.0,2384.0,2088.0,3131.0,2319.0,2625.0,2757.0,2565.0,2083,3518.0,2617.0,3285.0,3009.0,2318.0,2485.0,3221.0,3105.0,2901.0
35,2022-04-03,2769.0,2614.0,2652.0,2358.0,3255.0,2971.0,3503.0,3479.0,2891.0,3219.0,2590.0,3587.0,3787.0,2428.0,3421.0,2179.0,2205.0,3367.0,2692.0,3451.0,2637.0,2378.0,3128.0,2712.0,2185.0,2335.0,2878.0,3158.0,1984.0,2487.0,3300.0,3509.0,2723.0,2335.0,2944.0,2484.0,3541.0,2444.0,2521.0,2891.0,2856.0,2929.0,2644.0,2242.0,2793.0,2769.0,2923.0,3031.0,3087.0,2951.0,2757.0,3172.0,2554.0,3135.0,2464.0,3094.0,2610.0,2431.0,3031.0,2965.0,3232.0,2436.0,2576.0,2404.0,2419.0,3638.0,4700.0,1876.0,3455.0,3293.0,2873.0,3088.0,2477.0,3132.0,2596.0,2493.0,3074.0,3357.0,2855.0,3137.0,3362.0,2836.0,2694.0,3087.0,2458.0,2217.0,3011.0,2317.0,2584.0,2757.0,2511.0,2084,3516.0,2561.0,3134.0,3207.0,2523.0,2484.0,3250.0,3004.0,2873.0
36,2022-04-05,2933.0,2668.0,6859.0,2975.0,3906.0,3074.0,3516.0,3442.0,2853.0,3169.0,3888.0,3767.0,3726.0,2549.0,3141.0,1918.0,1909.0,3478.0,2745.0,3421.0,2687.0,2515.0,7217.0,4171.0,2044.0,2568.0,5700.0,4710.0,2019.0,7539.0,3442.0,3488.0,9568.0,3237.0,6689.0,2704.0,3998.0,2379.0,3432.0,3177.0,2994.0,2908.0,2633.0,2241.0,2993.0,2900.0,2942.0,2382.0,2760.0,2927.0,2740.0,4149.0,2723.0,5351.0,2483.0,3183.0,10180.0,10703.0,3425.0,2940.0,3260.0,2390.0,2515.0,6487.0,2416.0,6773.0,4669.0,1982.0,5458.0,3261.0,2857.0,6407.0,8479.0,3165.0,2888.0,2266.0,3579.0,4056.0,4033.0,3216.0,3361.0,5979.0,2643.0,3059.0,2720.0,1965.0,3101.0,2408.0,4775.0,2715.0,7790.0,2063,4858.0,3033.0,3208.0,3038.0,3578.0,2600.0,9836.0,3115.0,4871.0
37,2022-04-08,2903.0,2653.0,5265.0,2083.0,3766.0,8849.0,3515.0,3516.0,2869.0,3170.0,4037.0,3817.0,3847.0,2548.0,3234.0,2253.0,2357.0,3414.0,2746.0,3469.0,2629.0,2515.0,4452.0,3853.0,2197.0,2476.0,3164.0,6309.0,2019.0,2446.0,3095.0,3494.0,7243.0,2894.0,2921.0,2268.0,2977.0,2537.0,3756.0,2661.0,3220.0,2906.0,2696.0,2241.0,2718.0,2772.0,2713.0,2382.0,3042.0,2911.0,2743.0,8164.0,2546.0,7764.0,2466.0,3090.0,3087.0,2729.0,3407.0,2940.0,3308.0,2391.0,2515.0,7090.0,2024.0,3167.0,5063.0,1982.0,4728.0,3335.0,2676.0,5122.0,6273.0,3116.0,2625.0,2870.0,5025.0,3236.0,3059.0,3216.0,3360.0,2760.0,9697.0,3057.0,2364.0,2345.0,2966.0,2408.0,2279.0,2715.0,2788.0,2063,5163.0,2275.0,3078.0,3207.0,2213.0,2599.0,3447.0,2940.0,3628.0
38,2022-04-10,2929.0,2760.0,2721.0,2298.0,8396.0,2982.0,3499.0,3436.0,2957.0,3232.0,2607.0,3626.0,3710.0,2373.0,3226.0,2028.0,1986.0,3242.0,2745.0,3499.0,2691.0,2438.0,5164.0,3055.0,2031.0,2570.0,4199.0,4448.0,2386.0,2453.0,3181.0,3362.0,2635.0,2459.0,3505.0,2697.0,3070.0,2447.0,2516.0,2726.0,2829.0,2991.0,2619.0,2344.0,3080.0,2931.0,2762.0,2198.0,2747.0,2974.0,2822.0,3228.0,2810.0,4890.0,2596.0,2875.0,2538.0,2505.0,3118.0,2976.0,3313.0,3344.0,2558.0,2474.0,2182.0,3649.0,4595.0,2020.0,3583.0,3365.0,2684.0,3145.0,2463.0,3081.0,2584.0,2577.0,3179.0,3243.0,2770.0,3216.0,3368.0,2914.0,2638.0,3063.0,2910.0,2012.0,3067.0,2287.0,2477.0,2825.0,2522.0,2063,3281.0,2438.0,3181.0,3000.0,6334.0,2598.0,3453.0,3037.0,3048.0
39,2022-04-13,2845.0,2753.0,2773.0,3888.0,3166.0,7798.0,3499.0,3453.0,2975.0,3233.0,6369.0,4916.0,3687.0,2373.0,3328.0,2311.0,2342.0,3508.0,2746.0,5512.0,2299.0,2438.0,3072.0,3133.0,2421.0,2113.0,2897.0,3108.0,2386.0,8270.0,6758.0,3444.0,6542.0,9115.0,2999.0,2330.0,2952.0,2356.0,6562.0,7790.0,2919.0,2993.0,2622.0,2344.0,2670.0,2741.0,9757.0,2198.0,3003.0,4532.0,2814.0,3098.0,2682.0,5040.0,2592.0,2932.0,9142.0,9244.0,3020.0,2976.0,3159.0,3344.0,2558.0,8915.0,3998.0,3449.0,4612.0,2020.0,3576.0,3258.0,4169.0,4374.0,8460.0,3182.0,2923.0,2979.0,3147.0,9567.0,2844.0,3216.0,3367.0,2780.0,2588.0,3064.0,2754.0,2312.0,2919.0,2283.0,2430.0,2825.0,6833.0,2063,3407.0,2803.0,3083.0,3156.0,3210.0,2597.0,5838.0,2891.0,2631.0
40,2022-04-15,2989.0,2793.0,3223.0,2634.0,4035.0,3758.0,3501.0,3531.0,3019.0,3189.0,2585.0,6960.0,3695.0,2581.0,3127.0,2117.0,2136.0,7008.0,2722.0,8308.0,2574.0,2600.0,3117.0,2793.0,2317.0,2625.0,3360.0,5586.0,2165.0,2565.0,3221.0,3171.0,2784.0,2495.0,3092.0,3892.0,5176.0,2312.0,2467.0,2789.0,7205.0,3039.0,2607.0,2857.0,2889.0,3023.0,4177.0,2449.0,3007.0,2815.0,2859.0,3130.0,2859.0,3288.0,2676.0,3249.0,2502.0,2686.0,3043.0,3168.0,3243.0,2496.0,2778.0,2631.0,2095.0,3599.0,4495.0,2139.0,3396.0,3276.0,6262.0,2988.0,2783.0,7399.0,2506.0,2597.0,3180.0,3333.0,2991.0,4328.0,3374.0,9442.0,3539.0,3033.0,5115.0,2049.0,3058.0,2691.0,8982.0,2782.0,2623.0,1968,3486.0,2438.0,3260.0,3010.0,2340.0,2614.0,3287.0,3086.0,2845.0
41,2022-04-18,2866.0,2777.0,3847.0,2532.0,3167.0,6528.0,3500.0,3526.0,3010.0,3189.0,2799.0,3657.0,3717.0,2581.0,3232.0,2410.0,2110.0,3368.0,2722.0,3465.0,9133.0,2600.0,3122.0,4765.0,2341.0,2616.0,3334.0,3118.0,2165.0,2582.0,3372.0,3494.0,2787.0,2498.0,2979.0,2301.0,2936.0,2433.0,2414.0,5585.0,2791.0,3056.0,2731.0,2857.0,2725.0,2833.0,7255.0,2449.0,3013.0,2846.0,2854.0,6179.0,2919.0,3336.0,2667.0,3379.0,2532.0,2565.0,3020.0,3167.0,3266.0,2496.0,2778.0,2516.0,10255.0,3698.0,4980.0,2139.0,3458.0,3234.0,2303.0,3020.0,2533.0,2978.0,2524.0,3411.0,3169.0,5188.0,2738.0,4327.0,3374.0,2771.0,2654.0,3032.0,2463.0,2157.0,2933.0,2691.0,2379.0,2782.0,2655.0,1968,4087.0,2730.0,3097.0,3242.0,6871.0,2613.0,6726.0,2953.0,8207.0
42,2022-04-20,3035.0,2724.0,2529.0,2256.0,3021.0,3543.0,3511.0,3999.0,3029.0,3212.0,2614.0,3627.0,4027.0,2425.0,3363.0,2245.0,2256.0,3337.0,2722.0,3481.0,2757.0,2407.0,3092.0,2736.0,2495.0,2385.0,3061.0,3137.0,2178.0,2449.0,3188.0,3358.0,2495.0,2276.0,2947.0,2253.0,2931.0,2370.0,2209.0,2692.0,2737.0,3038.0,2737.0,2141.0,2926.0,3045.0,8422.0,2541.0,3142.0,2752.0,2814.0,3112.0,2823.0,3452.0,2562.0,2942.0,2482.0,2390.0,3018.0,3016.0,3295.0,2487.0,2613.0,2450.0,2320.0,3647.0,4754.0,3414.0,3447.0,3343.0,2573.0,3077.0,2475.0,2805.0,2395.0,2449.0,3151.0,3230.0,2669.0,4324.0,3381.0,2634.0,2885.0,3119.0,2276.0,2238.0,3115.0,2328.0,2290.0,2759.0,2545.0,1968,3494.0,2358.0,3262.0,3075.0,3198.0,2693.0,3248.0,3118.0,2812.0
43,2022-04-23,2958.0,2715.0,2619.0,2075.0,3191.0,2693.0,3510.0,3584.0,3033.0,3213.0,2790.0,3635.0,3689.0,2425.0,3455.0,2172.0,2282.0,3369.0,2722.0,3481.0,7303.0,2407.0,3041.0,4723.0,2038.0,2673.0,3219.0,3282.0,2178.0,2156.0,3079.0,3514.0,2489.0,2279.0,2964.0,2360.0,2968.0,2262.0,2231.0,2612.0,2782.0,3029.0,2539.0,2141.0,2794.0,2791.0,2706.0,2540.0,2806.0,2803.0,2811.0,3166.0,2634.0,3417.0,2549.0,2984.0,2330.0,2175.0,6243.0,3016.0,3174.0,2487.0,2613.0,2104.0,2272.0,5391.0,4707.0,3412.0,3841.0,3248.0,2572.0,3065.0,2148.0,2864.0,2400.0,2907.0,3162.0,3225.0,2739.0,4324.0,3381.0,2898.0,2480.0,3117.0,2270.0,2361.0,2953.0,2329.0,2419.0,2759.0,2296.0,1968,3510.0,2295.0,3104.0,3576.0,2275.0,2693.0,3304.0,2988.0,2810.0
44,2022-04-25,3104.0,2681.0,2817.0,2619.0,3479.0,3091.0,3548.0,3551.0,2941.0,3220.0,4054.0,3652.0,3702.0,2544.0,3095.0,2066.0,2063.0,3416.0,2702.0,3467.0,2947.0,2508.0,3489.0,8163.0,2672.0,2480.0,3906.0,3400.0,2251.0,6480.0,3330.0,3533.0,3538.0,5700.0,3087.0,2405.0,2957.0,2293.0,7213.0,2842.0,2882.0,2964.0,3125.0,2613.0,2963.0,2993.0,2945.0,2599.0,3156.0,2885.0,2790.0,4235.0,2766.0,8590.0,2543.0,3002.0,8688.0,7955.0,8853.0,3005.0,3243.0,2370.0,2535.0,2677.0,4336.0,8490.0,4665.0,2224.0,9647.0,3296.0,2569.0,4465.0,7458.0,2690.0,2384.0,2670.0,3463.0,3618.0,2773.0,3113.0,3446.0,2899.0,2497.0,3075.0,2365.0,2093.0,3087.0,2487.0,2611.0,2743.0,8874.0,4813,4109.0,2756.0,3240.0,3130.0,4183.0,2570.0,8597.0,3110.0,6830.0
45,2022-04-28,2924.0,2686.0,2607.0,2299.0,3184.0,2760.0,3548.0,3526.0,2930.0,3219.0,2471.0,3650.0,3668.0,2544.0,3172.0,2903.0,2650.0,3362.0,2702.0,3389.0,2466.0,2509.0,3123.0,2860.0,2458.0,2611.0,3824.0,3157.0,2251.0,2350.0,3124.0,3494.0,2764.0,2406.0,2956.0,2321.0,3076.0,2185.0,2341.0,2801.0,2746.0,2976.0,2476.0,2613.0,2695.0,2867.0,2736.0,2599.0,2852.0,3345.0,2795.0,3243.0,2620.0,3261.0,2541.0,3086.0,2543.0,2536.0,3074.0,3005.0,3162.0,2370.0,2534.0,2356.0,2946.0,3604.0,4651.0,2224.0,3418.0,3214.0,2515.0,3105.0,2325.0,2879.0,2311.0,4209.0,3197.0,3244.0,2675.0,3113.0,3445.0,2710.0,3221.0,3072.0,2399.0,2688.0,2936.0,2485.0,2436.0,2744.0,2457.0,4814,3577.0,2451.0,3090.0,3281.0,7984.0,2570.0,3282.0,3159.0,2929.0
46,2022-04-30,3089.0,2909.0,2465.0,2129.0,3120.0,2723.0,3585.0,3491.0,3136.0,3187.0,2473.0,3506.0,3658.0,2340.0,3240.0,2065.0,2044.0,3263.0,2702.0,3447.0,2753.0,2387.0,3068.0,2700.0,2048.0,3008.0,2934.0,3103.0,2199.0,2301.0,3120.0,3506.0,2536.0,2334.0,2885.0,2233.0,2949.0,2193.0,2217.0,2695.0,2764.0,3141.0,2449.0,2668.0,3105.0,3051.0,2736.0,2663.0,3106.0,2936.0,2979.0,3136.0,2809.0,3227.0,2827.0,2992.0,2672.0,2404.0,3053.0,3011.0,3149.0,2465.0,2523.0,2385.0,2281.0,3645.0,4571.0,2053.0,3427.0,3151.0,2499.0,3079.0,2253.0,2870.0,2369.0,2607.0,3095.0,3211.0,2684.0,3113.0,3430.0,2649.0,2686.0,3205.0,1972.0,2025.0,3074.0,2280.0,2347.0,2743.0,2482.0,4814,3450.0,2376.0,3259.0,3183.0,2157.0,2625.0,3219.0,3066.0,2768.0
47,2022-05-03,2974.0,2904.0,2304.0,2050.0,3089.0,2676.0,3585.0,3493.0,3150.0,3187.0,2199.0,3600.0,3713.0,2340.0,3331.0,2668.0,2557.0,3334.0,2702.0,3397.0,2530.0,2387.0,3066.0,2682.0,2375.0,2449.0,2907.0,3083.0,2199.0,2017.0,3130.0,3483.0,2358.0,2270.0,2841.0,2378.0,2962.0,2594.0,2174.0,2672.0,2772.0,3134.0,2479.0,2668.0,2771.0,2809.0,2704.0,2663.0,2829.0,2782.0,2968.0,3096.0,2495.0,3142.0,2806.0,2981.0,2237.0,2125.0,2935.0,3011.0,3158.0,2465.0,2523.0,2142.0,2130.0,3705.0,4522.0,2053.0,3400.0,3134.0,2216.0,2967.0,2165.0,2865.0,2282.0,3643.0,3157.0,3236.0,2672.0,3112.0,3430.0,2643.0,2540.0,3204.0,2014.0,2639.0,3202.0,2280.0,2301.0,2742.0,2206.0,4814,3402.0,2318.0,4054.0,3322.0,2274.0,2625.0,3197.0,2995.0,2761.0
48,2022-05-05,3144.0,2678.0,2168.0,2029.0,3067.0,2651.0,3581.0,3478.0,3018.0,3258.0,2219.0,3609.0,3719.0,2507.0,3074.0,2039.0,2034.0,3349.0,2762.0,3460.0,2505.0,2553.0,3030.0,2473.0,2239.0,2680.0,2951.0,3060.0,2198.0,2183.0,3130.0,3522.0,2397.0,2070.0,2831.0,2232.0,2966.0,2268.0,1986.0,2601.0,2775.0,3038.0,2489.0,2796.0,2953.0,3056.0,3052.0,2682.0,3142.0,2778.0,2794.0,3651.0,2781.0,3721.0,2566.0,2958.0,2230.0,2133.0,2982.0,3274.0,3157.0,2447.0,2554.0,2145.0,2354.0,3921.0,4646.0,2125.0,3520.0,3119.0,2629.0,2933.0,2119.0,2846.0,2327.0,2480.0,3174.0,3083.0,2678.0,3128.0,3454.0,2623.0,2501.0,3159.0,2104.0,2043.0,3080.0,2352.0,2385.0,2798.0,2190.0,2024,3040.0,2328.0,3288.0,3116.0,2010.0,2664.0,3452.0,3290.0,2721.0
49,2022-05-08,3011.0,2694.0,2527.0,2233.0,3080.0,2664.0,3581.0,3488.0,3019.0,3258.0,2445.0,3646.0,3750.0,2507.0,3174.0,2905.0,3355.0,3362.0,2762.0,3401.0,2524.0,2553.0,3055.0,2695.0,2748.0,2689.0,2929.0,3103.0,2198.0,4269.0,3175.0,3512.0,2515.0,2291.0,2886.0,2265.0,2928.0,2366.0,2246.0,2724.0,2769.0,3044.0,2454.0,2796.0,2795.0,3203.0,3317.0,2682.0,2854.0,2720.0,2805.0,3091.0,2544.0,3180.0,2549.0,3026.0,2610.0,3074.0,2937.0,3274.0,3163.0,2448.0,2553.0,4440.0,2020.0,3670.0,4364.0,2125.0,3418.0,3117.0,2410.0,2984.0,2657.0,2848.0,2368.0,4386.0,3185.0,6914.0,2656.0,3128.0,3453.0,2677.0,2632.0,3157.0,2067.0,2978.0,2953.0,2357.0,2329.0,2798.0,2392.0,2024,3418.0,2367.0,3146.0,3317.0,2026.0,2664.0,3197.0,3087.0,2776.0
50,2022-05-10,3119.0,2755.0,2287.0,2100.0,3098.0,2733.0,3636.0,3451.0,3026.0,3315.0,2248.0,3580.0,3720.0,5958.0,3252.0,2198.0,2137.0,3304.0,2762.0,3359.0,2511.0,2467.0,3063.0,2697.0,2440.0,2500.0,3131.0,3062.0,2306.0,2168.0,3113.0,3261.0,2448.0,2135.0,2874.0,2306.0,2922.0,2327.0,2148.0,2664.0,2788.0,2956.0,2443.0,2529.0,3135.0,3170.0,2747.0,2841.0,3178.0,2712.0,2719.0,3064.0,2636.0,3135.0,2562.0,2992.0,2102.0,2125.0,2945.0,3072.0,3224.0,2504.0,2519.0,2385.0,1992.0,3637.0,4454.0,2424.0,3369.0,3157.0,2483.0,2960.0,2169.0,2881.0,2531.0,2627.0,3084.0,3215.0,2703.0,3129.0,3519.0,2661.0,2543.0,3077.0,2332.0,2102.0,3116.0,2407.0,2452.0,2798.0,2141.0,2024,3386.0,2335.0,3299.0,3166.0,2125.0,2537.0,3182.0,3200.0,2740.0
51,2022-05-13,2878.0,2741.0,2240.0,2106.0,3119.0,2769.0,3636.0,3428.0,3025.0,3315.0,2184.0,3584.0,3808.0,5957.0,3353.0,2405.0,2376.0,3309.0,2762.0,3562.0,2556.0,2467.0,3073.0,2717.0,3794.0,2692.0,3012.0,3096.0,2306.0,2193.0,3125.0,3497.0,2481.0,2148.0,2914.0,2306.0,2947.0,2376.0,2161.0,2652.0,2784.0,2951.0,2419.0,2529.0,2849.0,2865.0,2758.0,2841.0,2872.0,2793.0,2705.0,3071.0,2482.0,3403.0,2553.0,3002.0,2153.0,2148.0,3111.0,3072.0,3110.0,2504.0,2519.0,2200.0,2256.0,3591.0,4288.0,2424.0,3510.0,3113.0,2475.0,2955.0,2263.0,2827.0,2211.0,3143.0,3058.0,3189.0,2681.0,3129.0,3519.0,2633.0,2550.0,3077.0,2137.0,2277.0,2994.0,2408.0,2425.0,2798.0,2169.0,2024,3407.0,2321.0,3151.0,3343.0,2192.0,2536.0,3229.0,3008.0,2761.0
52,2022-05-15,3245.0,2745.0,2682.0,2189.0,3099.0,2673.0,3624.0,3448.0,3038.0,3304.0,2153.0,3532.0,3772.0,2552.0,3790.0,1984.0,1985.0,3268.0,2721.0,3210.0,2589.0,2531.0,3042.0,2636.0,1947.0,2690.0,3126.0,3080.0,2302.0,2709.0,3132.0,3494.0,2398.0,2088.0,2809.0,2231.0,2969.0,2046.0,2050.0,2635.0,2763.0,3034.0,2441.0,2496.0,3252.0,3093.0,2681.0,2654.0,3260.0,2779.0,2835.0,3059.0,2756.0,3111.0,2620.0,2842.0,2681.0,2205.0,2923.0,3255.0,3124.0,2444.0,2575.0,2141.0,2244.0,3628.0,4272.0,2347.0,3387.0,3030.0,2322.0,2951.0,2077.0,2791.0,2630.0,2666.0,2998.0,3238.0,2655.0,3083.0,3485.0,2592.0,2560.0,3115.0,2567.0,1998.0,3185.0,2453.0,2380.0,2764.0,2184.0,1907,3406.0,2296.0,3316.0,3151.0,2195.0,2616.0,2780.0,3102.0,2723.0
53,2022-05-18,2932.0,2743.0,2130.0,2164.0,3045.0,2687.0,3623.0,3478.0,3067.0,3304.0,2225.0,5155.0,3810.0,2552.0,3819.0,2835.0,2785.0,5622.0,2721.0,3467.0,2540.0,2531.0,3069.0,2649.0,3977.0,2660.0,3031.0,3058.0,2301.0,2276.0,3162.0,3511.0,2478.0,2294.0,2870.0,2380.0,2921.0,2117.0,2162.0,2683.0,2768.0,3041.0,2487.0,2495.0,2763.0,3096.0,2712.0,2654.0,3263.0,2822.0,2808.0,2982.0,2545.0,3140.0,2625.0,2941.0,2166.0,2222.0,2891.0,3255.0,3144.0,2444.0,2575.0,2199.0,2047.0,3650.0,4410.0,2347.0,3403.0,3020.0,2481.0,2946.0,3598.0,2849.0,2175.0,3367.0,3134.0,3255.0,2664.0,3083.0,3485.0,2601.0,2525.0,3118.0,2207.0,2492.0,2892.0,2456.0,2405.0,2764.0,2165.0,1907,3268.0,2305.0,3129.0,3398.0,2293.0,2615.0,3182.0,3073.0,2717.0
54,2022-05-20,3143.0,2659.0,2432.0,2166.0,3054.0,2657.0,3604.0,3350.0,2930.0,3330.0,2066.0,3537.0,3772.0,2473.0,3321.0,2055.0,2068.0,3250.0,2721.0,3239.0,2514.0,2400.0,3038.0,2653.0,2460.0,2469.0,2970.0,3030.0,2475.0,2045.0,3090.0,3425.0,2450.0,2107.0,2799.0,2278.0,3940.0,2036.0,2082.0,2652.0,2778.0,2946.0,2456.0,2814.0,3101.0,3093.0,2681.0,2868.0,2844.0,2760.0,2694.0,2899.0,2792.0,3119.0,2496.0,2913.0,2085.0,2087.0,2867.0,3097.0,3099.0,2597.0,2612.0,2107.0,2092.0,3467.0,4208.0,1995.0,3360.0,2956.0,2327.0,2897.0,2110.0,2755.0,2379.0,2662.0,3067.0,3216.0,2661.0,3082.0,3469.0,2575.0,2542.0,3035.0,2113.0,2044.0,3203.0,3149.0,2367.0,2862.0,2131.0,1907,3274.0,2288.0,3382.0,3156.0,2403.0,2873.0,3150.0,3240.0,2679.0
55,2022-05-23,3121.0,2662.0,2013.0,2003.0,2990.0,2627.0,3604.0,3415.0,2966.0,3330.0,1952.0,3475.0,3731.0,2473.0,3345.0,2779.0,2810.0,3269.0,2721.0,3293.0,2592.0,2400.0,2996.0,2629.0,3499.0,2704.0,2899.0,2998.0,2475.0,1950.0,3056.0,3478.0,2250.0,1973.0,2767.0,2240.0,2915.0,2178.0,2007.0,2622.0,2780.0,2968.0,2383.0,2814.0,2838.0,2945.0,2658.0,2867.0,3236.0,2694.0,2655.0,2955.0,2595.0,3145.0,2506.0,2916.0,1949.0,1928.0,2866.0,3097.0,3163.0,2597.0,2612.0,2055.0,2079.0,3601.0,4197.0,1995.0,3379.0,2994.0,2040.0,2876.0,1992.0,2812.0,2109.0,3094.0,2975.0,3149.0,2635.0,3082.0,3469.0,2496.0,2508.0,3037.0,2078.0,2939.0,2988.0,3148.0,2357.0,2862.0,1932.0,1907,3293.0,2250.0,3169.0,3415.0,2404.0,2872.0,3146.0,2924.0,2667.0
56,2022-05-25,3231.0,2826.0,1858.0,1887.0,2955.0,2566.0,3600.0,3376.0,3057.0,3284.0,1872.0,3494.0,3774.0,2575.0,3160.0,2113.0,2069.0,3227.0,2815.0,3220.0,2549.0,2407.0,2978.0,2591.0,2169.0,2706.0,2823.0,2985.0,2255.0,1915.0,3054.0,3416.0,2151.0,1910.0,2760.0,2263.0,2907.0,2033.0,1874.0,2582.0,2781.0,3033.0,2391.0,3271.0,2983.0,3130.0,2606.0,2927.0,2846.0,2644.0,2820.0,2930.0,2875.0,3069.0,2670.0,2889.0,1881.0,1890.0,2827.0,3159.0,3029.0,2582.0,2679.0,1912.0,1961.0,3572.0,4113.0,1971.0,3349.0,2887.0,2191.0,2821.0,1892.0,2755.0,2254.0,2839.0,3066.0,3172.0,2645.0,3123.0,3450.0,2522.0,2470.0,3026.0,1970.0,2046.0,3099.0,2345.0,2316.0,2873.0,1897.0,2152,3259.0,2160.0,3283.0,3163.0,2261.0,2676.0,3063.0,3062.0,2627.0
57,2022-05-28,3034.0,2799.0,1971.0,2050.0,3007.0,2593.0,3600.0,3407.0,3063.0,3284.0,1950.0,3472.0,3725.0,2575.0,3193.0,2128.0,2968.0,3255.0,2817.0,3108.0,2490.0,2407.0,2999.0,2665.0,2702.0,2641.0,2961.0,3009.0,2255.0,2209.0,3068.0,3376.0,2252.0,1967.0,2785.0,2240.0,2902.0,2107.0,1952.0,2587.0,2769.0,3035.0,2390.0,3271.0,2792.0,3044.0,2657.0,2927.0,3229.0,2682.0,2827.0,2939.0,2635.0,3334.0,2679.0,2931.0,1948.0,1972.0,2927.0,3159.0,3031.0,2582.0,2679.0,2048.0,1846.0,3722.0,4187.0,1971.0,3507.0,2930.0,2120.0,2839.0,2270.0,2792.0,2407.0,3125.0,3052.0,3130.0,2614.0,3124.0,3450.0,2511.0,2394.0,3029.0,2065.0,2896.0,2991.0,2343.0,2384.0,2873.0,1963.0,2152,3272.0,2203.0,3155.0,3365.0,2030.0,2676.0,3039.0,3054.0,2623.0
58,2022-05-30,3126.0,2785.0,2143.0,2097.0,3001.0,2664.0,3593.0,3322.0,3047.0,3269.0,2102.0,3472.0,3783.0,2586.0,3243.0,2677.0,2257.0,3215.0,2816.0,3247.0,2532.0,2509.0,3001.0,2692.0,2209.0,2635.0,2983.0,2989.0,2614.0,2120.0,3051.0,3455.0,2250.0,2077.0,2790.0,2259.0,2903.0,2006.0,1998.0,2613.0,2784.0,3061.0,2394.0,2933.0,3121.0,3235.0,2687.0,2913.0,3229.0,2701.0,2842.0,2949.0,2830.0,3117.0,2615.0,2936.0,2124.0,2085.0,2821.0,3069.0,3205.0,2627.0,2636.0,2149.0,1893.0,3577.0,4124.0,2074.0,3361.0,3105.0,2222.0,2838.0,2128.0,2731.0,2053.0,3063.0,3045.0,3157.0,2604.0,3124.0,3436.0,2527.0,2455.0,3076.0,1968.0,2225.0,3260.0,3018.0,2361.0,2879.0,2090.0,2152,3265.0,2238.0,3456.0,3198.0,1901.0,2605.0,3152.0,3112.0,2697.0
59,2022-06-02,2920.0,2767.0,2042.0,2059.0,3079.0,2667.0,3593.0,3442.0,3054.0,3270.0,2042.0,3473.0,3787.0,2586.0,3291.0,2232.0,4783.0,3261.0,2816.0,3209.0,2557.0,2509.0,3034.0,2678.0,2200.0,2730.0,2984.0,3059.0,2614.0,2010.0,3064.0,3389.0,2238.0,2050.0,2886.0,2246.0,2920.0,2006.0,2013.0,2619.0,2722.0,3071.0,2351.0,2933.0,2882.0,2934.0,2684.0,2913.0,2907.0,2683.0,2847.0,2941.0,2661.0,3131.0,2602.0,2930.0,2027.0,2032.0,2827.0,3069.0,3010.0,2627.0,2636.0,2028.0,1994.0,3598.0,4067.0,2073.0,3383.0,2754.0,2242.0,2879.0,2022.0,2744.0,2080.0,2919.0,3050.0,3168.0,2608.0,3125.0,3436.0,2536.0,2496.0,3077.0,2209.0,3000.0,3008.0,3034.0,2436.0,2879.0,2014.0,2152,3262.0,2219.0,3149.0,3399.0,1928.0,2606.0,3118.0,2905.0,2700.0
60,2022-06-04,3128.0,2757.0,1909.0,1964.0,3572.0,2564.0,3631.0,3365.0,3016.0,3208.0,1926.0,3463.0,3828.0,2527.0,3251.0,2829.0,2310.0,7439.0,2752.0,7064.0,2558.0,2427.0,2997.0,2627.0,3748.0,2747.0,2861.0,2952.0,2343.0,1943.0,3075.0,3424.0,2080.0,1917.0,2854.0,2258.0,2951.0,2006.0,1897.0,2584.0,3136.0,3031.0,2334.0,2435.0,3167.0,3192.0,2642.0,2931.0,3289.0,2704.0,2796.0,2958.0,2749.0,3098.0,2539.0,2904.0,1918.0,1919.0,2795.0,3041.0,2958.0,2511.0,2587.0,1954.0,2335.0,3524.0,3941.0,2008.0,3347.0,2824.0,10239.0,2876.0,1974.0,2796.0,2038.0,2629.0,3006.0,2633.0,5066.0,3150.0,3403.0,2588.0,2483.0,3020.0,2070.0,2233.0,3137.0,2930.0,2365.0,2761.0,1936.0,2024,3269.0,2163.0,3306.0,3392.0,1979.0,2649.0,3106.0,3147.0,2666.0
61,2022-06-07,2960.0,2731.0,2447.0,2322.0,3044.0,2531.0,3631.0,3355.0,3029.0,3209.0,2587.0,7219.0,3973.0,2527.0,3286.0,2240.0,2855.0,5261.0,2752.0,1936.0,2624.0,2427.0,3031.0,6487.0,2181.0,2682.0,2879.0,3000.0,2343.0,2304.0,2750.0,3117.0,2823.0,2341.0,2819.0,2295.0,2959.0,2062.0,2314.0,2832.0,4492.0,3005.0,2362.0,2435.0,2727.0,2869.0,2240.0,2931.0,2930.0,2921.0,2762.0,2945.0,2626.0,3072.0,2521.0,2967.0,2411.0,2434.0,2789.0,3041.0,2968.0,2511.0,2587.0,2294.0,1898.0,3569.0,4658.0,2009.0,3353.0,2755.0,2302.0,2893.0,2485.0,3038.0,2197.0,3211.0,3191.0,2436.0,7125.0,3150.0,3404.0,2509.0,2450.0,3023.0,2168.0,2617.0,2950.0,2917.0,2515.0,2761.0,2436.0,2024,3411.0,2293.0,3157.0,3149.0,2027.0,2649.0,3061.0,2899.0,2674.0
62,2022-06-09,3174.0,2745.0,2151.0,2104.0,3035.0,2616.0,3621.0,5108.0,2994.0,3297.0,2100.0,3178.0,3617.0,2453.0,3224.0,2247.0,2095.0,3246.0,2752.0,3289.0,2635.0,2487.0,3028.0,2717.0,2762.0,2644.0,2977.0,2982.0,2347.0,2076.0,3073.0,4525.0,2301.0,2082.0,2848.0,2285.0,2976.0,2051.0,2058.0,2679.0,2693.0,2978.0,2372.0,2735.0,3039.0,3161.0,2624.0,2172.0,3271.0,2733.0,2745.0,2979.0,2815.0,2744.0,2578.0,2780.0,2074.0,2059.0,2850.0,3099.0,3039.0,2529.0,2591.0,2021.0,1926.0,3630.0,4191.0,2128.0,3379.0,2676.0,2304.0,3160.0,2017.0,2738.0,2080.0,2613.0,3051.0,2773.0,2536.0,3150.0,3410.0,2520.0,2882.0,2988.0,1970.0,2036.0,3134.0,2426.0,2415.0,2792.0,2073.0,2024,3313.0,2236.0,3294.0,3335.0,2172.0,2715.0,3157.0,3040.0,2819.0
63,2022-06-12,2995.0,2728.0,2033.0,1989.0,3021.0,2583.0,3621.0,3872.0,3001.0,3297.0,1929.0,3504.0,3662.0,2453.0,3292.0,3163.0,3088.0,3208.0,2752.0,4122.0,2353.0,2487.0,3011.0,2682.0,2180.0,2647.0,2884.0,3001.0,2347.0,1945.0,3087.0,3292.0,2139.0,1913.0,2816.0,2261.0,2917.0,2173.0,1959.0,2598.0,4116.0,2974.0,2362.0,2735.0,2833.0,2933.0,2573.0,2172.0,3269.0,2719.0,2744.0,2997.0,2867.0,3135.0,2582.0,2885.0,1963.0,1942.0,2856.0,3099.0,3022.0,2529.0,2591.0,1940.0,1911.0,3612.0,4264.0,2128.0,3397.0,2674.0,2909.0,2938.0,1945.0,2730.0,2034.0,2997.0,2974.0,3274.0,2400.0,3150.0,3410.0,2477.0,2526.0,2995.0,2181.0,2971.0,2987.0,2427.0,2453.0,2792.0,1958.0,2024,3266.0,2147.0,3142.0,3330.0,1933.0,2715.0,3115.0,2890.0,2722.0
64,2022-06-14,3209.0,2779.0,2080.0,2311.0,3032.0,2662.0,3631.0,3474.0,3044.0,3350.0,2416.0,4231.0,3748.0,2684.0,3104.0,2097.0,2963.0,3180.0,2759.0,3227.0,2588.0,2494.0,3015.0,2623.0,2918.0,2642.0,2889.0,3007.0,2339.0,2207.0,3075.0,3317.0,2271.0,2146.0,2774.0,2246.0,2934.0,2027.0,2045.0,2571.0,2710.0,3014.0,3480.0,2715.0,3000.0,3164.0,2702.0,2606.0,2890.0,2685.0,2834.0,2988.0,4377.0,3100.0,2661.0,2982.0,2187.0,2191.0,2836.0,3304.0,2960.0,2673.0,3186.0,2316.0,2026.0,3580.0,4752.0,2066.0,3360.0,2666.0,2283.0,2907.0,2211.0,2690.0,2802.0,2891.0,2998.0,3193.0,2523.0,3121.0,3451.0,2486.0,2488.0,3022.0,2057.0,2259.0,3143.0,2414.0,2357.0,2903.0,2142.0,2080,3261.0,2299.0,3271.0,3149.0,1958.0,2665.0,3110.0,3084.0,2674.0
65,2022-06-17,3025.0,2772.0,1860.0,1998.0,3021.0,2463.0,3631.0,3224.0,3026.0,3350.0,1891.0,3515.0,3734.0,2684.0,3151.0,3826.0,2774.0,3192.0,2759.0,3254.0,2532.0,2494.0,3016.0,2647.0,2163.0,2655.0,2901.0,2987.0,2339.0,1903.0,3120.0,3335.0,2082.0,1991.0,2797.0,2219.0,2895.0,2022.0,1942.0,2569.0,2691.0,3017.0,2529.0,2714.0,2739.0,3157.0,2505.0,2606.0,3248.0,2726.0,2826.0,2971.0,2731.0,3059.0,2654.0,2660.0,1942.0,1911.0,2823.0,3304.0,2981.0,2673.0,3186.0,1930.0,2646.0,3604.0,4295.0,2066.0,3361.0,2666.0,2119.0,2909.0,1935.0,2712.0,1957.0,3531.0,3049.0,3146.0,2476.0,3121.0,3451.0,2473.0,2465.0,3027.0,2041.0,2686.0,3093.0,2417.0,2357.0,2903.0,1916.0,2080,3265.0,2149.0,3228.0,3436.0,1968.0,2664.0,3108.0,3007.0,2677.0
66,2022-06-19,3168.0,2818.0,1844.0,1927.0,3024.0,2946.0,3527.0,3079.0,3062.0,3353.0,1868.0,3494.0,3716.0,2492.0,3272.0,2374.0,2256.0,3193.0,2759.0,3340.0,2624.0,2461.0,3002.0,2643.0,2565.0,8702.0,2955.0,2998.0,2443.0,2659.0,3122.0,3337.0,1959.0,2310.0,2813.0,2225.0,2901.0,5151.0,1870.0,2525.0,2732.0,3063.0,2388.0,3114.0,3026.0,3223.0,2347.0,2854.0,2915.0,2713.0,2913.0,2933.0,2903.0,3072.0,2701.0,3018.0,1859.0,4220.0,2806.0,3153.0,2917.0,2610.0,2655.0,1863.0,1992.0,3594.0,4232.0,2111.0,3372.0,2508.0,2111.0,2857.0,1828.0,2700.0,2023.0,2686.0,2982.0,5281.0,2545.0,3122.0,3422.0,2485.0,2446.0,3013.0,2374.0,2261.0,3268.0,2842.0,2388.0,2846.0,1877.0,2080,3358.0,2098.0,3374.0,3208.0,3446.0,2717.0,3105.0,3118.0,2657.0
67,2022-06-22,3020.0,2819.0,2060.0,1993.0,3040.0,2495.0,3527.0,3094.0,3070.0,3353.0,2052.0,3361.0,3714.0,2492.0,3308.0,2375.0,2852.0,3171.0,2759.0,3290.0,2544.0,2461.0,3015.0,2749.0,2399.0,4760.0,2940.0,3028.0,2443.0,2022.0,3131.0,3369.0,2569.0,3009.0,2807.0,2223.0,2896.0,2375.0,2195.0,2472.0,2717.0,3076.0,2285.0,3114.0,2827.0,3020.0,2598.0,2854.0,3268.0,2722.0,2917.0,2922.0,2705.0,3105.0,2699.0,2964.0,2113.0,2566.0,2879.0,3153.0,2923.0,2610.0,2655.0,2011.0,1909.0,3571.0,4146.0,2111.0,3370.0,2498.0,2246.0,2830.0,2007.0,7904.0,2289.0,3007.0,2989.0,3021.0,2455.0,3123.0,3422.0,2452.0,2471.0,3010.0,2159.0,2886.0,3072.0,2853.0,2761.0,2846.0,2201.0,2080,3238.0,2159.0,3199.0,3389.0,1947.0,2717.0,3132.0,2936.0,2614.0
68,2022-06-24,3290.0,2938.0,1842.0,1959.0,3067.0,2438.0,3571.0,8660.0,3345.0,3389.0,1837.0,3500.0,9053.0,2636.0,3152.0,2877.0,2287.0,3163.0,2800.0,3323.0,3702.0,2539.0,3112.0,2625.0,2919.0,2910.0,2979.0,3039.0,2509.0,1866.0,3120.0,3931.0,2006.0,1919.0,2884.0,2740.0,2915.0,2074.0,1933.0,2484.0,2688.0,3335.0,2701.0,2718.0,3295.0,3229.0,2536.0,2895.0,2916.0,2742.0,3506.0,2946.0,3173.0,3051.0,2759.0,2876.0,1906.0,1887.0,2865.0,3217.0,4567.0,2714.0,3897.0,1901.0,1998.0,3579.0,4218.0,2030.0,3367.0,7066.0,2098.0,2876.0,1895.0,4611.0,2182.0,2863.0,2984.0,3095.0,2456.0,3098.0,3481.0,2574.0,2653.0,3278.0,2038.0,2308.0,3218.0,2988.0,2455.0,2934.0,1894.0,2043,3273.0,2113.0,3344.0,3234.0,1944.0,2743.0,3118.0,3086.0,2694.0
69,2022-06-27,3146.0,2951.0,1965.0,2071.0,3042.0,2466.0,3571.0,3045.0,3333.0,3389.0,2026.0,3443.0,3661.0,2636.0,3194.0,2322.0,2708.0,3197.0,2800.0,3462.0,8912.0,2538.0,2999.0,2697.0,2386.0,2546.0,2943.0,2990.0,2509.0,1941.0,3158.0,3259.0,1992.0,1963.0,2850.0,2398.0,3161.0,2191.0,1943.0,2593.0,2699.0,3340.0,2305.0,2718.0,2808.0,3105.0,2545.0,2894.0,3188.0,2775.0,3640.0,2961.0,5369.0,3304.0,2764.0,2984.0,2027.0,1999.0,6250.0,3217.0,2963.0,2714.0,3897.0,1960.0,2707.0,3788.0,4250.0,2030.0,3362.0,2439.0,2201.0,2886.0,1945.0,2152.0,2024.0,2960.0,2935.0,3346.0,2475.0,3099.0,3481.0,2519.0,2368.0,3277.0,2238.0,2691.0,3136.0,2996.0,2223.0,2934.0,1984.0,2043,3343.0,6295.0,3250.0,3350.0,1955.0,2743.0,3137.0,2969.0,2594.0
70,2022-06-29,3294.0,2811.0,1949.0,2242.0,3065.0,2481.0,3481.0,3066.0,3014.0,3361.0,1954.0,3525.0,3643.0,2527.0,3241.0,2840.0,2458.0,4637.0,2800.0,3045.0,2581.0,2377.0,3003.0,2701.0,2938.0,2411.0,2881.0,3026.0,2998.0,1983.0,5437.0,3253.0,2031.0,1941.0,2992.0,2645.0,3380.0,1939.0,1928.0,2501.0,4489.0,3074.0,2545.0,2538.0,3213.0,3311.0,2486.0,2459.0,2950.0,2751.0,2888.0,3057.0,3016.0,3075.0,2689.0,2943.0,1963.0,1987.0,2851.0,3221.0,2922.0,2582.0,2740.0,2013.0,2640.0,3565.0,4703.0,2002.0,3332.0,2465.0,2353.0,2998.0,2006.0,2670.0,5300.0,2746.0,2962.0,3002.0,6211.0,3099.0,3456.0,3031.0,2701.0,3029.0,2499.0,2565.0,3229.0,2658.0,6325.0,2739.0,1990.0,2043,3251.0,2192.0,3360.0,3248.0,1971.0,2709.0,3093.0,4180.0,2671.0
71,2022-07-02,3071.0,2807.0,1823.0,2115.0,2992.0,2401.0,3481.0,3198.0,3024.0,3361.0,1825.0,3401.0,3760.0,2527.0,3295.0,2392.0,2657.0,3133.0,2800.0,2580.0,2547.0,2377.0,3001.0,2647.0,2357.0,2605.0,2956.0,2984.0,2998.0,1866.0,3313.0,4317.0,1965.0,1896.0,2756.0,2158.0,6038.0,2039.0,1910.0,2442.0,2580.0,3075.0,7842.0,2538.0,2885.0,3024.0,3821.0,2460.0,3285.0,5526.0,2866.0,2948.0,2969.0,3089.0,2689.0,4177.0,1861.0,1859.0,2908.0,3221.0,2915.0,2582.0,2740.0,1864.0,,3620.0,4064.0,2002.0,3388.0,2513.0,2187.0,2895.0,1861.0,2585.0,6504.0,3280.0,2937.0,3160.0,2464.0,3099.0,3456.0,2380.0,2418.0,3031.0,2017.0,2627.0,3093.0,2662.0,2197.0,2739.0,1816.0,2043,4803.0,2043.0,3161.0,3398.0,1999.0,2709.0,3175.0,2962.0,2658.0
72,2022-07-04,3266.0,5322.0,,,,,6239.0,3020.0,7548.0,3795.0,,3342.0,3476.0,2567.0,3088.0,2391.0,2510.0,,2718.0,,7922.0,2392.0,,,2932.0,2551.0,,,2533.0,,,3239.0,,,,,2832.0,6314.0,,,,7147.0,2301.0,3328.0,3126.0,3291.0,,2659.0,2934.0,2556.0,5102.0,2502.0,3575.0,,4229.0,,,,,3482.0,2918.0,8765.0,4609.0,,,,,2075.0,,2335.0,,2945.0,,,,2646.0,,,,3044.0,3478.0,,2453.0,7757.0,,2528.0,3238.0,2426.0,,10754.0,,1963,,,3349.0,3237.0,7794.0,2830.0,,3056.0,2677.0
73,2022-07-07,3285.0,5316.0,,,,,6239.0,,7563.0,3796.0,,,,2567.0,3137.0,2696.0,4467.0,,2718.0,,5929.0,2392.0,,,2808.0,2339.0,,,2533.0,,,,,,,,,2403.0,,,,7129.0,2862.0,3328.0,2571.0,3163.0,,2659.0,3214.0,,5108.0,,3835.0,,4230.0,,,,,3482.0,,8764.0,4609.0,,,,,2075.0,,,,,,,,3120.0,,,,3044.0,3478.0,,,7756.0,,9711.0,5044.0,2425.0,,10754.0,,1963,,,7823.0,3416.0,,2830.0,,3671.0,
74,2022-07-09,3187.0,2707.0,,,,,5132.0,,3756.0,3525.0,,,,2431.0,3211.0,2480.0,2474.0,,2718.0,,,2601.0,,,2774.0,2535.0,,,9527.0,,,,,,,,,,,,,4269.0,7851.0,8236.0,2852.0,7876.0,,2659.0,2951.0,,3742.0,,2629.0,,2612.0,,,,,3738.0,,5641.0,5916.0,,,,,1959.0,,,,,,,,8935.0,,,,3044.0,4194.0,,,3633.0,,2454.0,5385.0,2346.0,,3549.0,,1963,,,6995.0,3273.0,,3113.0,,7322.0,
75,2022-07-12,2838.0,2704.0,,,,,5132.0,,3763.0,3525.0,,,,2431.0,3253.0,2724.0,5746.0,,2718.0,,,2600.0,,,2330.0,2519.0,,,9527.0,,,,,,,,,,,,,4333.0,1959.0,8236.0,2777.0,7280.0,,2659.0,3258.0,,3733.0,,2900.0,,2610.0,,,,,3738.0,,5641.0,5916.0,,,,,1959.0,,,,,,,,3125.0,,,,3044.0,4194.0,,,3634.0,,8084.0,6704.0,2344.0,,3549.0,,1963,,,3959.0,3485.0,,3113.0,,9557.0,
76,2022-07-14,3100.0,10338.0,,,,,3489.0,,8114.0,3444.0,,,,2588.0,3070.0,2584.0,5199.0,,2797.0,,,2456.0,,,2769.0,2314.0,,,6561.0,,,,,,,,,,,,,7775.0,,2822.0,2985.0,3841.0,,2726.0,2952.0,,9222.0,,2781.0,,7989.0,,,,,3168.0,,2591.0,2769.0,,,,,2318.0,,,,,,,,7437.0,,,,3098.0,3311.0,,,10107.0,,2083.0,9625.0,2323.0,,2940.0,,2214,,,9528.0,3350.0,,2681.0,,2888.0,
77,2022-07-17,2853.0,10346.0,,,,,3489.0,,8130.0,3445.0,,,,2588.0,3093.0,2920.0,2676.0,,2797.0,,,2456.0,,,3641.0,2506.0,,,6561.0,,,,,,,,,,,,,7781.0,,2822.0,2749.0,2991.0,,2726.0,3277.0,,9256.0,,2973.0,,7981.0,,,,,3167.0,,2591.0,2769.0,,,,,2318.0,,,,,,,,3059.0,,,,3098.0,3311.0,,,10113.0,,2581.0,3329.0,2325.0,,2940.0,,2214,,,3404.0,3490.0,,2681.0,,3163.0,
78,2022-07-19,3348.0,2745.0,,,,,3521.0,,3091.0,2953.0,,,,2516.0,3194.0,2561.0,2641.0,,2797.0,,,2452.0,,,2785.0,2616.0,,,2410.0,,,,,,,,,,,,,3146.0,,9363.0,2989.0,3098.0,,2694.0,3080.0,,2893.0,,2821.0,,2713.0,,,,,9765.0,,2438.0,4055.0,,,,,2368.0,,,,,,,,2827.0,,,,3098.0,3395.0,,,3172.0,,2668.0,3505.0,2920.0,,2707.0,,2214,,,3472.0,3225.0,,2845.0,,3415.0,
79,2022-07-22,2975.0,2752.0,,,,,3521.0,,3090.0,2954.0,,,,2516.0,3228.0,5407.0,3939.0,,2797.0,,,2452.0,,,2427.0,2345.0,,,2410.0,,,,,,,,,,,,,3127.0,,9363.0,2757.0,5651.0,,2693.0,10090.0,,2904.0,,2642.0,,2742.0,,,,,9765.0,,2438.0,4056.0,,,,,2368.0,,,,,,,,4843.0,,,,3098.0,3395.0,,,3171.0,,3687.0,10003.0,2910.0,,2707.0,,2214,,,8084.0,3649.0,,2845.0,,3214.0,
80,2022-07-24,3164.0,2827.0,,,,,3532.0,,6213.0,3304.0,,,,2660.0,3109.0,2569.0,2374.0,,2875.0,,,2394.0,,,2631.0,2540.0,,,2358.0,,,,,,,,,,,,,4766.0,,2982.0,3123.0,3312.0,,7924.0,3083.0,,7638.0,,2889.0,,2698.0,,,,,3227.0,,2546.0,2654.0,,,,,2248.0,,,,,,,,2745.0,,,,3217.0,3384.0,,,3782.0,,2197.0,3382.0,2584.0,,2865.0,,2112,,,3459.0,3336.0,,8522.0,,3253.0,
81,2022-07-27,6715.0,2814.0,,,,,3532.0,,6258.0,3304.0,,,,2660.0,3126.0,2799.0,2853.0,,2875.0,,,2394.0,,,4081.0,2520.0,,,2359.0,,,,,,,,,,,,,4747.0,,2981.0,9568.0,3148.0,,7924.0,4978.0,,7637.0,,6357.0,,2710.0,,,,,3228.0,,2546.0,2654.0,,,,,2248.0,,,,,,,,3175.0,,,,3217.0,3384.0,,,3785.0,,2940.0,3129.0,2587.0,,2865.0,,2112,,,3208.0,3211.0,,8521.0,,3187.0,
82,2022-07-29,3416.0,2508.0,,,,,4829.0,,3246.0,3365.0,,,,2525.0,3225.0,6350.0,10796.0,,2875.0,,,2703.0,,,2646.0,2390.0,,,3438.0,,,,,,,,,,,,,3204.0,,2660.0,5665.0,8627.0,,2559.0,5000.0,,3208.0,,4891.0,,2669.0,,,,,6005.0,,2723.0,3675.0,,,,,2239.0,,,,,,,,4616.0,,,,3217.0,3347.0,,,3199.0,,9079.0,3808.0,2827.0,,6111.0,,2112,,,3742.0,3235.0,,2665.0,,3250.0,
83,2022-08-01,3184.0,2498.0,,,,,4829.0,,3241.0,3365.0,,,,2525.0,3247.0,5177.0,2969.0,,2875.0,,,2703.0,,,2262.0,2269.0,,,3438.0,,,,,,,,,,,,,3199.0,,2660.0,2501.0,5398.0,,2558.0,3285.0,,3225.0,,2565.0,,2660.0,,,,,6005.0,,2723.0,3675.0,,,,,2239.0,,,,,,,,2986.0,,,,3217.0,3347.0,,,3198.0,,2616.0,6084.0,2835.0,,6111.0,,2112,,,3203.0,5428.0,,2665.0,,3105.0,
84,2022-08-03,3169.0,2821.0,,,,,3394.0,,3105.0,3393.0,,,,2751.0,3098.0,2724.0,4056.0,,2802.0,,,2550.0,,,2725.0,2453.0,,,2387.0,,,,,,,,,,,,,3176.0,,2535.0,2741.0,5336.0,,2890.0,5000.0,,2947.0,,2807.0,,2747.0,,,,,3130.0,,3283.0,2572.0,,,,,2026.0,,,,,,,,3370.0,,,,3218.0,3368.0,,,3161.0,,2257.0,3251.0,3157.0,,3400.0,,2285,,,3351.0,3068.0,,2523.0,,3190.0,
85,2022-08-06,2974.0,2818.0,,,,,3394.0,,3091.0,3394.0,,,,2751.0,3119.0,3640.0,2798.0,,2802.0,,,2550.0,,,2668.0,2402.0,,,2387.0,,,,,,,,,,,,,3187.0,,2535.0,2427.0,2885.0,,2890.0,3287.0,,2949.0,,2542.0,,2721.0,,,,,3130.0,,3283.0,2572.0,,,,,2026.0,,,,,,,,3466.0,,,,3218.0,3367.0,,,3157.0,,2831.0,3088.0,3158.0,,3400.0,,2285,,,3179.0,3274.0,,2523.0,,3005.0,
86,2022-08-08,3164.0,2828.0,,,,,3525.0,,3116.0,7224.0,,,,2576.0,3259.0,11992.0,2211.0,,2802.0,,,2591.0,,,2588.0,2358.0,,,2451.0,,,,,,,,,,,,,3147.0,,3665.0,2750.0,3008.0,,2545.0,2828.0,,2939.0,,2692.0,,2726.0,,,,,3043.0,,2466.0,2568.0,,,,,2591.0,,,,,,,,2725.0,,,,3218.0,3398.0,,,3153.0,,2272.0,3270.0,2431.0,,2786.0,,2285,,,3399.0,3031.0,,2557.0,,3233.0,
87,2022-08-11,3072.0,2828.0,,,,,3525.0,,3103.0,7224.0,,,,2576.0,3280.0,2790.0,2984.0,,2803.0,,,2591.0,,,2211.0,2217.0,,,2451.0,,,,,,,,,,,,,3159.0,,3665.0,2661.0,2730.0,,2545.0,11300.0,,2940.0,,2779.0,,2730.0,,,,,3043.0,,2466.0,2568.0,,,,,2591.0,,,,,,,,3820.0,,,,3218.0,3398.0,,,3150.0,,2881.0,3325.0,2431.0,,2786.0,,2285,,,3366.0,3278.0,,2557.0,,3014.0,
88,2022-08-13,3207.0,9064.0,,,,,5515.0,,9201.0,6602.0,,,,2710.0,3258.0,4504.0,2821.0,,2739.0,,,2506.0,,,2608.0,2321.0,,,2587.0,,,,,,,,,,,,,4492.0,,4849.0,2908.0,3069.0,,2518.0,2904.0,,6024.0,,3308.0,,5231.0,,,,,3482.0,,5562.0,4336.0,,,,,2114.0,,,,,,,,2815.0,,,,3147.0,3554.0,,,5498.0,,5296.0,6173.0,2686.0,,3683.0,,2258,,,6840.0,3039.0,,2788.0,,3095.0,
89,2022-08-16,3063.0,9049.0,,,,,5515.0,,9206.0,6602.0,,,,2710.0,3274.0,2604.0,4567.0,,2740.0,,,2507.0,,,2646.0,2245.0,,,2587.0,,,,,,,,,,,,,4430.0,,4849.0,2639.0,3231.0,,2518.0,3772.0,,6064.0,,2850.0,,5221.0,,,,,3482.0,,5562.0,4336.0,,,,,2114.0,,,,,,,,8447.0,,,,3147.0,3555.0,,,5492.0,,7517.0,10049.0,2685.0,,3683.0,,2258,,,8333.0,3229.0,,2788.0,,3891.0,
90,2022-08-18,3205.0,2838.0,,,,,3609.0,,3041.0,3320.0,,,,2773.0,3097.0,2215.0,3108.0,,2740.0,,,2798.0,,,2619.0,2349.0,,,2777.0,,,,,,,,,,,,,3042.0,,2624.0,2881.0,3307.0,,3848.0,2876.0,,2929.0,,2877.0,,2815.0,,,,,3065.0,,2698.0,2710.0,,,,,2531.0,,,,,,,,3810.0,,,,3147.0,3421.0,,,3089.0,,5407.0,4324.0,3119.0,,2948.0,,2258,,,3841.0,3025.0,,2553.0,,3759.0,
91,2022-08-21,3020.0,2847.0,,,,,3609.0,,3034.0,3320.0,,,,2773.0,3122.0,2904.0,2632.0,,2740.0,,,2798.0,,,2255.0,2323.0,,,2777.0,,,,,,,,,,,,,3057.0,,2624.0,2638.0,2839.0,,3848.0,3152.0,,2928.0,,2608.0,,2815.0,,,,,3065.0,,2698.0,2710.0,,,,,2531.0,,,,,,,,2920.0,,,,3147.0,3421.0,,,3082.0,,2732.0,3126.0,3118.0,,2948.0,,2258,,,3183.0,3312.0,,2553.0,,3115.0,
92,2022-08-23,3180.0,2765.0,,,,,3419.0,,3085.0,3422.0,,,,2656.0,3253.0,4194.0,3887.0,,2819.0,,,2505.0,,,2405.0,2243.0,,,2989.0,,,,,,,,,,,,,3067.0,,2578.0,2883.0,3023.0,,2394.0,3871.0,,2880.0,,2774.0,,2682.0,,,,,3052.0,,2495.0,2626.0,,,,,2163.0,,,,,,,,3274.0,,,,3097.0,3352.0,,,3131.0,,2140.0,3565.0,2472.0,,2678.0,,2462,,,3774.0,3319.0,,2596.0,,2930.0,
93,2022-08-26,2998.0,2760.0,,,,,3419.0,,3090.0,3422.0,,,,2656.0,3255.0,3542.0,2426.0,,2819.0,,,2505.0,,,2054.0,2356.0,,,2989.0,,,,,,,,,,,,,3112.0,,2578.0,2586.0,2811.0,,2394.0,7074.0,,2882.0,,2617.0,,2659.0,,,,,3052.0,,2495.0,2626.0,,,,,2163.0,,,,,,,,2919.0,,,,3097.0,3351.0,,,3131.0,,2595.0,3103.0,2480.0,,2678.0,,2462,,,3121.0,3037.0,,2596.0,,3015.0,
94,2022-08-28,3132.0,2682.0,,,,,3429.0,,3023.0,3350.0,,,,2568.0,3625.0,4720.0,2204.0,,2819.0,,,2664.0,,,2438.0,2193.0,,,4653.0,,,,,,,,,,,,,3009.0,,2277.0,2815.0,3002.0,,2436.0,9279.0,,2829.0,,2727.0,,2535.0,,,,,3036.0,,2413.0,2615.0,,,,,2671.0,,,,,,,,6841.0,,,,3097.0,3375.0,,,3097.0,,2254.0,3225.0,2975.0,,2695.0,,2462,,,3289.0,3232.0,,2545.0,,3078.0,
95,2022-08-31,2931.0,2687.0,,,,,3429.0,,3007.0,3352.0,,,,2567.0,3621.0,2519.0,2330.0,,2819.0,,,2664.0,,,2089.0,2323.0,,,4652.0,,,,,,,,,,,,,3015.0,,2277.0,2564.0,2758.0,,2436.0,4107.0,,2837.0,,2544.0,,2531.0,,,,,3036.0,,2413.0,2615.0,,,,,2671.0,,,,,,,,3296.0,,,,3097.0,3375.0,,,3095.0,,2275.0,3028.0,2969.0,,2695.0,,2462,,,3099.0,3024.0,,2545.0,,2891.0,
96,2022-09-02,3143.0,2642.0,,,,,3587.0,,2941.0,4149.0,,,,2935.0,3287.0,2207.0,3606.0,,2774.0,,,2467.0,,,2384.0,2401.0,,,5890.0,,,,,,,,,,,,,3000.0,,2394.0,2735.0,3019.0,,2371.0,2801.0,,2796.0,,2625.0,,2512.0,,,,,3199.0,,2376.0,2624.0,,,,,2543.0,,,,,,,,6707.0,,,,3213.0,3465.0,,,3059.0,,2122.0,3221.0,2792.0,,2698.0,,2373,,,3283.0,3217.0,,2602.0,,3265.0,
97,2022-09-05,2991.0,2627.0,,,,,3587.0,,2925.0,4149.0,,,,2935.0,3278.0,2645.0,2469.0,,2774.0,,,2467.0,,,2226.0,2286.0,,,5890.0,,,,,,,,,,,,,2987.0,,2394.0,2594.0,3028.0,,2371.0,3093.0,,2808.0,,2538.0,,2489.0,,,,,3199.0,,2376.0,2624.0,,,,,2543.0,,,,,,,,3265.0,,,,3213.0,3466.0,,,3054.0,,2641.0,2851.0,2795.0,,2698.0,,2373,,,4017.0,3051.0,,2602.0,,2879.0,
98,2022-09-07,3196.0,2664.0,,,,,3429.0,,2991.0,3364.0,,,,2657.0,3107.0,2127.0,1977.0,,2774.0,,,2610.0,,,2516.0,2267.0,,,2071.0,,,,,,,,,,,,,3031.0,,2372.0,2850.0,2964.0,,2276.0,2746.0,,2827.0,,2946.0,,2600.0,,,,,4120.0,,2422.0,2614.0,,,,,2794.0,,,,,,,,2446.0,,,,3214.0,3406.0,,,3087.0,,1965.0,5970.0,3025.0,,2722.0,,2374,,,4563.0,3302.0,,2564.0,,3040.0,
99,2022-09-10,2975.0,2670.0,,,,,3429.0,,2981.0,3364.0,,,,2657.0,3127.0,2491.0,2405.0,,2774.0,,,2610.0,,,2119.0,2364.0,,,2071.0,,,,,,,,,,,,,3055.0,,2372.0,2622.0,2850.0,,2276.0,3065.0,,2842.0,,2629.0,,2605.0,,,,,4120.0,,2422.0,2615.0,,,,,2794.0,,,,,,,,2986.0,,,,3214.0,3406.0,,,3085.0,,4343.0,3054.0,3031.0,,2722.0,,2374,,,3093.0,3043.0,,2564.0,,2872.0,
100,2022-09-12,3148.0,2686.0,,,,,3415.0,,3003.0,3382.0,,,,2689.0,3383.0,2203.0,2127.0,,2745.0,,,2606.0,,,2342.0,2182.0,,,2193.0,,,,,,,,,,,,,2999.0,,2206.0,2794.0,2965.0,,2418.0,2727.0,,2865.0,,2727.0,,2604.0,,,,,3032.0,,2426.0,2619.0,,,,,2006.0,,,,,,,,2409.0,,,,3146.0,3366.0,,,3073.0,,2093.0,3235.0,2492.0,,2717.0,,2373,,,3293.0,3380.0,,2616.0,,3085.0,
101,2022-09-15,2869.0,2680.0,,,,,3415.0,,2979.0,3381.0,,,,2689.0,3379.0,2487.0,2299.0,,2745.0,,,2606.0,,,3268.0,2257.0,,,2193.0,,,,,,,,,,,,,3040.0,,2206.0,2630.0,2830.0,,2418.0,3081.0,,2883.0,,3475.0,,2599.0,,,,,3032.0,,2426.0,2619.0,,,,,2006.0,,,,,,,,2752.0,,,,3146.0,3366.0,,,3070.0,,2083.0,3043.0,2493.0,,2717.0,,2373,,,3119.0,3161.0,,2615.0,,2901.0,
102,2022-09-17,3059.0,2729.0,,,,,3395.0,,3035.0,3421.0,,,,2704.0,3222.0,2005.0,2244.0,,2745.0,,,2457.0,,,2139.0,2287.0,,,2269.0,,,,,,,,,,,,,3063.0,,2140.0,2793.0,3032.0,,2267.0,3498.0,,2886.0,,2760.0,,2611.0,,,,,3076.0,,2421.0,2646.0,,,,,2652.0,,,,,,,,2539.0,,,,3147.0,3324.0,,,3134.0,,2176.0,3252.0,3008.0,,2655.0,,2373,,,3307.0,3249.0,,2560.0,,3056.0,
103,2022-09-20,2779.0,2720.0,,,,,3395.0,,3039.0,3421.0,,,,2704.0,3216.0,2268.0,2229.0,,2745.0,,,2457.0,,,2173.0,2163.0,,,2269.0,,,,,,,,,,,,,3119.0,,2140.0,2555.0,2858.0,,2267.0,3052.0,,2900.0,,2654.0,,2604.0,,,,,3076.0,,2421.0,2646.0,,,,,2653.0,,,,,,,,2896.0,,,,3147.0,3324.0,,,3131.0,,2172.0,3088.0,2980.0,,2655.0,,2373,,,3143.0,3189.0,,2560.0,,2868.0,
104,2022-09-22,3027.0,2669.0,,,,,3427.0,,3027.0,3289.0,,,,2788.0,3342.0,2536.0,2314.0,,2908.0,,,2647.0,,,2108.0,2205.0,,,3436.0,,,,,,,,,,,,,3074.0,,2040.0,2410.0,3152.0,,2143.0,2703.0,,3224.0,,2759.0,,2593.0,,,,,3002.0,,2428.0,2613.0,,,,,2702.0,,,,,,,,2538.0,,,,3111.0,3389.0,,,3049.0,,3889.0,3255.0,2833.0,,2624.0,,2311,,,3289.0,3254.0,,2492.0,,3098.0,
105,2022-09-25,2902.0,2664.0,,,,,3428.0,,2994.0,3290.0,,,,2788.0,3326.0,2292.0,2245.0,,2909.0,,,2647.0,,,2322.0,4297.0,,,3436.0,,,,,,,,,,,,,3122.0,,2040.0,2361.0,2770.0,,2143.0,2988.0,,3253.0,,2564.0,,2607.0,,,,,3002.0,,2428.0,2613.0,,,,,2702.0,,,,,,,,2618.0,,,,3110.0,3389.0,,,3044.0,,2227.0,2801.0,2832.0,,2624.0,,2311,,,3069.0,3078.0,,2491.0,,2893.0,
106,2022-09-27,3085.0,2626.0,,,,,3330.0,,3003.0,3246.0,,,,2704.0,3119.0,2197.0,2091.0,,2908.0,,,2642.0,,,2492.0,2158.0,,,2153.0,,,,,,,,,,,,,3027.0,,3218.0,2614.0,2939.0,,2060.0,2728.0,,2844.0,,2796.0,,2597.0,,,,,3045.0,,2356.0,2656.0,,,,,2600.0,,,,,,,,2379.0,,,,3111.0,3357.0,,,3077.0,,2309.0,3142.0,3496.0,,2664.0,,2311,,,3252.0,3263.0,,2578.0,,3023.0,
107,2022-09-30,2857.0,2615.0,,,,,3329.0,,2977.0,3246.0,,,,2704.0,3094.0,2277.0,2156.0,,2908.0,,,2642.0,,,2311.0,2262.0,,,2153.0,,,,,,,,,,,,,3084.0,,3218.0,2473.0,2814.0,,2060.0,3021.0,,2827.0,,2710.0,,2602.0,,,,,3045.0,,2356.0,2656.0,,,,,2600.0,,,,,,,,2644.0,,,,3111.0,3357.0,,,3073.0,,2216.0,3028.0,3457.0,,2664.0,,2311,,,3086.0,3068.0,,2578.0,,2880.0,
108,2022-10-02,3008.0,2625.0,,,,,3057.0,,2935.0,3280.0,,,,2782.0,3267.0,2283.0,2166.0,,2801.0,,,2745.0,,,2215.0,2296.0,,,2986.0,,,,,,,,,,,,,3013.0,,2106.0,2661.0,6574.0,,2139.0,2736.0,,2895.0,,2784.0,,2520.0,,,,,3035.0,,2319.0,2629.0,,,,,2125.0,,,,,,,,2341.0,,,,3137.0,3281.0,,,3100.0,,2219.0,3128.0,2917.0,,2570.0,,2631,,,3394.0,3241.0,,2532.0,,3038.0,
109,2022-10-05,2890.0,2620.0,,,,,3056.0,,2944.0,3280.0,,,,2783.0,3249.0,2315.0,2087.0,,2801.0,,,2745.0,,,2257.0,6301.0,,,2987.0,,,,,,,,,,,,,3033.0,,2106.0,2398.0,2762.0,,2139.0,2996.0,,2903.0,,2603.0,,2518.0,,,,,3035.0,,2319.0,2629.0,,,,,2125.0,,,,,,,,2581.0,,,,3137.0,3281.0,,,3099.0,,2088.0,2985.0,2914.0,,2570.0,,2630,,,3077.0,3169.0,,2532.0,,2872.0,
110,2022-10-07,3040.0,2555.0,,,,,3400.0,,2888.0,3288.0,,,,2496.0,3163.0,2056.0,2046.0,,2801.0,,,2534.0,,,2113.0,2312.0,,,1861.0,,,,,,,,,,,,,2946.0,,2019.0,2593.0,2943.0,,2140.0,2721.0,,2814.0,,2706.0,,2484.0,,,,,2959.0,,2339.0,2647.0,,,,,2857.0,,,,,,,,2342.0,,,,3137.0,3293.0,,,3114.0,,2025.0,3134.0,3669.0,,2627.0,,2630,,,3202.0,3334.0,,2505.0,,3014.0,
111,2022-10-10,2881.0,2572.0,,,,,3400.0,,2891.0,3288.0,,,,2496.0,3177.0,2195.0,2016.0,,2801.0,,,2534.0,,,2102.0,3529.0,,,1861.0,,,,,,,,,,,,,2987.0,,2019.0,2446.0,2760.0,,2141.0,3080.0,,2836.0,,2531.0,,2477.0,,,,,2959.0,,2339.0,2647.0,,,,,2858.0,,,,,,,,2420.0,,,,3137.0,3293.0,,,3103.0,,2017.0,2996.0,3668.0,,2627.0,,2631,,,3023.0,3107.0,,2505.0,,2863.0,
112,2022-10-12,3000.0,2536.0,,,,,3409.0,,2854.0,3308.0,,,,2657.0,3361.0,2207.0,1902.0,,2829.0,,,2693.0,,,2155.0,5586.0,,,2004.0,,,,,,,,,,,,,2942.0,,1891.0,2549.0,2823.0,,2054.0,2735.0,,2798.0,,2663.0,,2449.0,,,,,2960.0,,2289.0,2616.0,,,,,2597.0,,,,,,,,2216.0,,,,3094.0,3321.0,,,2985.0,,1907.0,3106.0,2480.0,,2595.0,,2184,,,3179.0,3157.0,,2599.0,,3022.0,
113,2022-10-15,2941.0,2532.0,,,,,3409.0,,2819.0,3309.0,,,,2658.0,3350.0,1995.0,1846.0,,2829.0,,,2693.0,,,2048.0,,,,2004.0,,,,,,,,,,,,,2991.0,,1891.0,2423.0,2694.0,,2054.0,3029.0,,2854.0,,2548.0,,2416.0,,,,,2960.0,,2289.0,2616.0,,,,,2597.0,,,,,,,,1989.0,,,,3094.0,3321.0,,,2981.0,,1865.0,2977.0,2483.0,,2595.0,,2184,,,2992.0,3066.0,,2599.0,,2875.0,
114,2022-10-17,3005.0,2559.0,,,,,3397.0,,2948.0,3431.0,,,,2846.0,3095.0,2404.0,1930.0,,2829.0,,,2611.0,,,2388.0,,,,1910.0,,,,,,,,,,,,,2985.0,,1972.0,2592.0,2870.0,,2047.0,2706.0,,2821.0,,2724.0,,2497.0,,,,,2953.0,,2294.0,2642.0,,,,,2745.0,,,,,,,,2043.0,,,,3093.0,3435.0,,,3057.0,,1920.0,2959.0,3401.0,,2649.0,,2184,,,3156.0,3212.0,,2581.0,,3015.0,
115,2022-10-20,2904.0,2566.0,,,,,3396.0,,2924.0,3431.0,,,,2847.0,3065.0,1994.0,1949.0,,2829.0,,,2611.0,,,2062.0,,,,1910.0,,,,,,,,,,,,,3018.0,,1972.0,2451.0,2734.0,,2047.0,3003.0,,2817.0,,2611.0,,2488.0,,,,,2953.0,,2294.0,2642.0,,,,,2745.0,,,,,,,,2186.0,,,,3093.0,3434.0,,,3054.0,,1981.0,3098.0,3400.0,,2649.0,,2184,,,3223.0,3100.0,,2581.0,,2840.0,
116,2022-10-22,2993.0,2562.0,,,,,3403.0,,2860.0,3266.0,,,,2831.0,3203.0,1917.0,2014.0,,2817.0,,,2797.0,,,2051.0,,,,1990.0,,,,,,,,,,,,,2956.0,,2117.0,2557.0,3183.0,,2088.0,2680.0,,2853.0,,2775.0,,2465.0,,,,,2988.0,,2245.0,2670.0,,,,,1918.0,,,,,,,,2259.0,,,,3140.0,3264.0,,,3074.0,,1979.0,2928.0,2803.0,,2663.0,,2250,,,3142.0,3202.0,,2536.0,,3006.0,
117,2022-10-25,2882.0,2582.0,,,,,3404.0,,2828.0,3266.0,,,,2831.0,3201.0,1842.0,2116.0,,2816.0,,,2797.0,,,2147.0,,,,1990.0,,,,,,,,,,,,,2998.0,,2117.0,2341.0,2827.0,,2088.0,2923.0,,2882.0,,2644.0,,2463.0,,,,,2988.0,,2245.0,2670.0,,,,,1918.0,,,,,,,,2289.0,,,,3140.0,3263.0,,,3071.0,,2124.0,3060.0,2807.0,,2663.0,,2250,,,3081.0,3146.0,,2536.0,,2894.0,
118,2022-10-27,3039.0,2617.0,,,,,3381.0,,2975.0,3258.0,,,,2595.0,3397.0,1908.0,2048.0,,2816.0,,,2536.0,,,2084.0,,,,2089.0,,,,,,,,,,,,,2999.0,,2020.0,2589.0,2891.0,,2021.0,2659.0,,2867.0,,2761.0,,2512.0,,,,,2996.0,,2296.0,2642.0,,,,,3134.0,,,,,,,,2308.0,,,,3140.0,3304.0,,,3307.0,,2025.0,3005.0,3623.0,,2656.0,,2250,,,3172.0,3183.0,,2551.0,,2983.0,
119,2022-10-30,2875.0,2606.0,,,,,3381.0,,2928.0,3259.0,,,,2594.0,3399.0,1963.0,2056.0,,2816.0,,,2536.0,,,2618.0,,,,2089.0,,,,,,,,,,,,,3055.0,,2020.0,2433.0,2752.0,,2021.0,2924.0,,2871.0,,2675.0,,2507.0,,,,,2996.0,,2296.0,2642.0,,,,,3134.0,,,,,,,,2208.0,,,,3140.0,3304.0,,,3301.0,,2044.0,3103.0,2520.0,,2656.0,,2250,,,3038.0,3046.0,,2551.0,,2849.0,
120,2022-11-01,3102.0,2598.0,,,,,3388.0,,3017.0,3227.0,,,,2737.0,3247.0,2034.0,2077.0,,2786.0,,,2788.0,,,2168.0,,,,2047.0,,,,,,,,,,,,,3050.0,,1884.0,2595.0,2856.0,,2087.0,2917.0,,2858.0,,2750.0,,2506.0,,,,,4208.0,,2361.0,2611.0,,,,,2097.0,,,,,,,,2259.0,,,,3168.0,3260.0,,,3293.0,,2220.0,2947.0,2521.0,,2603.0,,2379,,,3159.0,3257.0,,2878.0,,3028.0,
121,2022-11-04,7499.0,2588.0,,,,,3387.0,,3033.0,3227.0,,,,2737.0,3241.0,2097.0,1871.0,,2786.0,,,2788.0,,,2408.0,,,,2047.0,,,,,,,,,,,,,3037.0,,1884.0,6719.0,2633.0,,2087.0,2690.0,,2931.0,,2672.0,,2516.0,,,,,4208.0,,2361.0,2612.0,,,,,2097.0,,,,,,,,2278.0,,,,3168.0,3260.0,,,3282.0,,1867.0,3120.0,3410.0,,2603.0,,2379,,,3046.0,3105.0,,2878.0,,2896.0,
122,2022-11-06,3062.0,2598.0,,,,,3499.0,,2995.0,3248.0,,,,2484.0,3053.0,2088.0,1942.0,,2786.0,,,3009.0,,,7023.0,,,,2051.0,,,,,,,,,,,,,2978.0,,2420.0,9451.0,2863.0,,2000.0,2850.0,,2910.0,,2902.0,,2548.0,,,,,2659.0,,2330.0,2866.0,,,,,2834.0,,,,,,,,2386.0,,,,3168.0,3499.0,,,3221.0,,1925.0,2959.0,3405.0,,2881.0,,2379,,,3132.0,3302.0,,3871.0,,2999.0,
123,2022-11-09,3428.0,2607.0,,,,,3499.0,,2985.0,3248.0,,,,2484.0,3050.0,2065.0,2420.0,,2786.0,,,3009.0,,,2213.0,,,,2051.0,,,,,,,,,,,,,2983.0,,2420.0,9112.0,4993.0,,2000.0,2868.0,,2964.0,,2653.0,,2566.0,,,,,2659.0,,2330.0,2866.0,,,,,2834.0,,,,,,,,2326.0,,,,3168.0,3499.0,,,3210.0,,2386.0,3068.0,2404.0,,2881.0,,2379,,,3035.0,3071.0,,3871.0,,2867.0,
124,2022-11-11,2892.0,2567.0,,,,,3418.0,,2915.0,3436.0,,,,2678.0,3276.0,2135.0,2109.0,,2751.0,,,8880.0,,,2231.0,,,,1923.0,,,,,,,,,,,,,2967.0,,2080.0,2618.0,2742.0,,2239.0,2697.0,,2895.0,,2796.0,,2499.0,,,,,4347.0,,2296.0,2564.0,,,,,2154.0,,,,,,,,2277.0,,,,3116.0,3277.0,,,3091.0,,2087.0,2932.0,2407.0,,2681.0,,2177,,,3097.0,7891.0,,2533.0,,3016.0,
125,2022-11-14,2865.0,2586.0,,,,,3418.0,,2872.0,3436.0,,,,2678.0,3287.0,1912.0,1989.0,,2751.0,,,8880.0,,,1977.0,,,,1923.0,,,,,,,,,,,,,3006.0,,2080.0,2271.0,2765.0,,2239.0,2927.0,,2902.0,,2679.0,,2510.0,,,,,4341.0,,2297.0,2564.0,,,,,2154.0,,,,,,,,2559.0,,,,3116.0,3277.0,,,3087.0,,1969.0,2998.0,2753.0,,2681.0,,2177,,,3185.0,3682.0,,2533.0,,2920.0,
126,2022-11-16,2977.0,2574.0,,,,,3383.0,,2910.0,3217.0,,,,2572.0,3065.0,2032.0,2091.0,,2751.0,,,4986.0,,,2000.0,,,,1910.0,,,,,,,,,,,,,2952.0,,1953.0,2442.0,2758.0,,2070.0,2923.0,,2909.0,,2781.0,,2490.0,,,,,3184.0,,3657.0,2698.0,,,,,2489.0,,,,,,,,2369.0,,,,3116.0,3296.0,,,3217.0,,1961.0,3125.0,2748.0,,2655.0,,2177,,,3078.0,3282.0,,2657.0,,2995.0,
127,2022-11-19,4249.0,2564.0,,,,,3382.0,,2882.0,3219.0,,,,2571.0,3064.0,2477.0,2306.0,,2751.0,,,4986.0,,,2090.0,,,,1910.0,,,,,,,,,,,,,2987.0,,1953.0,3221.0,5992.0,,2070.0,2629.0,,2946.0,,2648.0,,2486.0,,,,,3184.0,,3657.0,2698.0,,,,,2489.0,,,,,,,,2393.0,,,,3116.0,3299.0,,,3208.0,,2149.0,2951.0,2406.0,,2655.0,,2177,,,3289.0,3014.0,,2657.0,,2851.0,
128,2022-11-21,3049.0,2569.0,,,,,3363.0,,2920.0,3275.0,,,,2735.0,3238.0,2097.0,2051.0,,2848.0,,,3909.0,,,9958.0,,,,3203.0,,,,,,,,,,,,,2963.0,,2127.0,2477.0,2807.0,,2051.0,2895.0,,2903.0,,2892.0,,2507.0,,,,,3038.0,,2378.0,2638.0,,,,,2299.0,,,,,,,,2345.0,,,,3099.0,3292.0,,,3138.0,,1999.0,3145.0,2398.0,,2616.0,,2399,,,3075.0,3129.0,,2474.0,,2992.0,
129,2022-11-24,2883.0,2571.0,,,,,3363.0,,2900.0,3275.0,,,,2734.0,3243.0,2014.0,2741.0,,2848.0,,,3909.0,,,1977.0,,,,3203.0,,,,,,,,,,,,,2987.0,,2127.0,2263.0,2778.0,,2051.0,2857.0,,2876.0,,2683.0,,2496.0,,,,,3037.0,,2378.0,2638.0,,,,,2299.0,,,,,,,,4869.0,,,,3099.0,3291.0,,,3134.0,,2210.0,3004.0,3327.0,,2616.0,,2399,,,3226.0,2938.0,,2474.0,,2880.0,
130,2022-11-26,2982.0,2575.0,,,,,3395.0,,2947.0,3267.0,,,,2688.0,3109.0,2068.0,1881.0,,2848.0,,,2813.0,,,1952.0,,,,1883.0,,,,,,,,,,,,,2934.0,,1931.0,2442.0,2600.0,,2338.0,2610.0,,2953.0,,2779.0,,2509.0,,,,,2926.0,,2317.0,2625.0,,,,,2660.0,,,,,,,,2211.0,,,,3099.0,3309.0,,,3243.0,,1884.0,3121.0,3324.0,,2637.0,,2399,,,3020.0,3251.0,,2488.0,,2990.0,
131,2022-11-29,2882.0,2586.0,,,,,3393.0,,2917.0,3268.0,,,,2687.0,3097.0,2367.0,1944.0,,2848.0,,,2813.0,,,2040.0,,,,1882.0,,,,,,,,,,,,,2962.0,,1931.0,2242.0,2724.0,,2338.0,2808.0,,2947.0,,2740.0,,2510.0,,,,,2926.0,,2317.0,2626.0,,,,,2660.0,,,,,,,,3152.0,,,,3099.0,3312.0,,,3229.0,,1943.0,2956.0,2472.0,,2637.0,,2399,,,3213.0,3030.0,,2488.0,,2901.0,
132,2022-12-01,4078.0,2600.0,,,,,2560.0,,3004.0,3254.0,,,,2808.0,3214.0,2485.0,1815.0,,2883.0,,,3097.0,,,2182.0,,,,1857.0,,,,,,,,,,,,,2962.0,,1839.0,2369.0,2779.0,,2326.0,2618.0,,3008.0,,2831.0,,2533.0,,,,,4752.0,,2323.0,2724.0,,,,,2316.0,,,,,,,,2369.0,,,,3137.0,3324.0,,,3232.0,,1824.0,3184.0,2469.0,,2626.0,,2256,,,3088.0,3194.0,,2507.0,,3070.0,
133,2022-12-04,2925.0,2601.0,,,,,2560.0,,2978.0,3256.0,,,,2808.0,3198.0,2212.0,1978.0,,2883.0,,,3097.0,,,2299.0,,,,1857.0,,,,,,,,,,,,,3031.0,,1839.0,2207.0,2770.0,,2326.0,2609.0,,2984.0,,2655.0,,2527.0,,,,,4752.0,,2323.0,2725.0,,,,,2316.0,,,,,,,,2472.0,,,,3137.0,3324.0,,,3224.0,,1984.0,2959.0,3365.0,,2626.0,,2256,,,3193.0,3015.0,,2507.0,,2959.0,
134,2022-12-09,2898.0,2606.0,,,,,3394.0,,2989.0,3168.0,,,,2565.0,3270.0,1831.0,2019.0,,2883.0,,,6994.0,,,2926.0,,,,1889.0,,,,,,,,,,,,,2965.0,,2167.0,2252.0,2849.0,,2303.0,2780.0,,2974.0,,2668.0,,2528.0,,,,,2801.0,,2336.0,3552.0,,,,,2558.0,,,,,,,,2407.0,,,,3136.0,3297.0,,,3251.0,,2000.0,3056.0,3362.0,,2789.0,,2256,,,3181.0,3179.0,,3390.0,,3110.0,
135,2022-12-11,3037.0,2600.0,,,,,3393.0,,2948.0,3169.0,,,,2566.0,3271.0,1938.0,5445.0,,2883.0,,,6994.0,,,2107.0,,,,1888.0,,,,,,,,,,,,,3015.0,,2167.0,2458.0,2649.0,,2303.0,2619.0,,2977.0,,2772.0,,2546.0,,,,,2800.0,,2336.0,3553.0,,,,,2558.0,,,,,,,,2360.0,,,,3136.0,3296.0,,,3240.0,,2869.0,3016.0,2432.0,,2789.0,,2256,,,3103.0,3024.0,,3390.0,,2946.0,
136,2022-12-14,2897.0,2621.0,,,,,3379.0,,2950.0,3207.0,,,,2779.0,3255.0,1832.0,1851.0,,6275.0,,,2907.0,,,2103.0,,,,2058.0,,,,,,,,,,,,,2962.0,,1880.0,2189.0,2584.0,,2037.0,2722.0,,2949.0,,3482.0,,2490.0,,,,,2930.0,,2304.0,2547.0,,,,,2474.0,,,,,,,,2639.0,,,,3146.0,3307.0,,,3362.0,,1877.0,2969.0,2431.0,,2630.0,,2333,,,3094.0,3161.0,,2449.0,,3074.0,
137,2022-12-16,3003.0,2634.0,,,,,3380.0,,2914.0,3207.0,,,,2779.0,3283.0,1961.0,2020.0,,6275.0,,,2907.0,,,2015.0,,,,2058.0,,,,,,,,,,,,,2970.0,,1880.0,2419.0,2767.0,,2037.0,2554.0,,2947.0,,2802.0,,2491.0,,,,,2930.0,,2304.0,2548.0,,,,,2474.0,,,,,,,,2723.0,,,,3146.0,3307.0,,,3350.0,,1987.0,2948.0,3388.0,,2630.0,,2333,,,3829.0,3112.0,,2449.0,,2985.0,
138,2022-12-19,2887.0,2566.0,,,,,3496.0,,2929.0,3199.0,,,,2683.0,3140.0,2029.0,1966.0,,6275.0,,,2753.0,,,2237.0,,,,3849.0,,,,,,,,,,,,,2998.0,,1913.0,2259.0,2631.0,,2109.0,2811.0,,3088.0,,9504.0,,2524.0,,,,,2945.0,,2496.0,1914.0,,,,,3096.0,,,,,,,,2491.0,,,,3146.0,3419.0,,,3350.0,,1918.0,2935.0,3394.0,,2630.0,,2333,,,3079.0,3196.0,,2511.0,,3088.0,
139,2022-12-21,3116.0,2568.0,,,,,3496.0,,2932.0,3199.0,,,,2682.0,3144.0,2094.0,2010.0,,6275.0,,,2752.0,,,2025.0,,,,3852.0,,,,,,,,,,,,,3019.0,,1913.0,2284.0,2809.0,,2109.0,2498.0,,3148.0,,2527.0,,2519.0,,,,,2944.0,,2494.0,1914.0,,,,,3096.0,,,,,,,,2577.0,,,,3146.0,3419.0,,,3339.0,,2023.0,2974.0,2712.0,,2630.0,,2333,,,3145.0,3042.0,,2511.0,,2979.0,
140,2022-12-24,5321.0,2547.0,,,,,3333.0,,2984.0,3193.0,,,,3108.0,3234.0,1845.0,1959.0,,2888.0,,,8913.0,,,10497.0,,,,2018.0,,,,,,,,,,,,,3006.0,,1922.0,3794.0,2607.0,,2573.0,2830.0,,2984.0,,2754.0,,2516.0,,,,,2851.0,,2313.0,2575.0,,,,,2494.0,,,,,,,,2387.0,,,,3369.0,3251.0,,,3351.0,,1908.0,3447.0,2713.0,,2649.0,,2437,,,3077.0,3155.0,,3498.0,,3136.0,
141,2022-12-26,3113.0,2550.0,,,,,3332.0,,2939.0,3192.0,,,,3108.0,3260.0,2019.0,2192.0,,2888.0,,,8913.0,,,8296.0,,,,2018.0,,,,,,,,,,,,,3075.0,,1922.0,2434.0,10135.0,,2573.0,2597.0,,2995.0,,3949.0,,2503.0,,,,,2851.0,,2313.0,2575.0,,,,,2494.0,,,,,,,,2574.0,,,,3369.0,3250.0,,,3336.0,,6757.0,2894.0,2929.0,,2649.0,,2437,,,3578.0,3069.0,,3499.0,,3037.0,
142,2022-12-29,2776.0,2552.0,,,,,3731.0,,2897.0,3137.0,,,,2729.0,3194.0,1945.0,1828.0,,2888.0,,,8130.0,,,2068.0,,,,,,,,,,,,,,,,,2918.0,,1853.0,1992.0,2535.0,,2072.0,2800.0,,2933.0,,2363.0,,2470.0,,,,,3005.0,,2343.0,2524.0,,,,,2621.0,,,,,,,,2764.0,,,,3368.0,4874.0,,,3415.0,,1834.0,2954.0,2928.0,,2779.0,,2437,,,3167.0,3207.0,,2404.0,,3092.0,
143,2022-12-31,4932.0,2541.0,,,,,3731.0,,2856.0,3138.0,,,,2729.0,3204.0,2007.0,,,2888.0,,,8130.0,,,1986.0,,,,,,,,,,,,,,,,,2929.0,,1853.0,5750.0,,,2072.0,2675.0,,2950.0,,2644.0,,2474.0,,,,,3003.0,,2343.0,2523.0,,,,,2621.0,,,,,,,,,,,,3368.0,4874.0,,,3402.0,,,2999.0,4833.0,,2779.0,,2437,,,,5427.0,,2404.0,,6057.0,
144,,,,,,,,,,,,,,,2813.0,3479.0,1952.0,,,2706.0,,,2826.0,,,,,,,,,,,,,,,,,,,,,,,,,,3464.0,2558.0,,,,,,,,,,,,,2368.0,,,,,,2454.0,,,,,,,,,,,,3178.0,,,,,,,,4828.0,,,,2257,,,,5227.0,,,,3089.0,
